Site,SMR,RSMR,BGC,asmr,Block,Plot,Row,Species,Seedlot,Root Collar,Height 2018,Height 2017,Height 2016,Height 2015,Height 2014,Height 2013,Vigour,Frost,Browse,Form,Photo,Comments:,Assess.year
Smithers,SX,2,SBSmc2,0.868666667,1,1,1,Lw,A,14.1,61.8,53.5,24.2,22.3,17.9,NA,0,0,0,0,NA,NA,2018
Smithers,SX,2,SBSmc2,0.868666667,1,1,1,Lw,B,NA,NA,NA,NA,NA,26.5,NA,3,NA,NA,NA,NA,NA,2018
Smithers,SX,2,SBSmc2,0.868666667,1,1,2,Fdi,C,15.8,51,46.6,30.5,25.2,23.6,NA,0,0,0,1,NA,"2018 reflush, chlorotic",2018
Smithers,SX,2,SBSmc2,0.868666667,1,1,2,Fdi,A,19.6,61,57.6,27.5,26.1,23.5,NA,0,0,0,1,NA,NA,2018
Smithers,SX,2,SBSmc2,0.868666667,1,1,2,Fdi,B,NA,NA,NA,2.2,32.2,28,NA,3,NA,NA,NA,NA,"died, post 2016 assessment",2018
Smithers,SX,2,SBSmc2,0.868666667,1,1,3,Cw,A,NA,NA,NA,28.3,NA,NA,NA,3,NA,NA,NA,NA,"died, post 2016 assessment",2018
Smithers,SX,2,SBSmc2,0.868666667,1,1,3,Cw,B,NA,NA,NA,35.4,NA,NA,NA,3,NA,NA,NA,NA,"died, post 2016 assessment",2018
Smithers,SX,2,SBSmc2,0.868666667,1,1,3,Cw,C,NA,NA,NA,24.3,NA,NA,NA,3,NA,NA,NA,NA,"died, post 2016 assessment",2018
Smithers,SX,2,SBSmc2,0.868666667,1,2,1,Fdi,A,7.8,49.5,45.6,40.8,33.8,25.5,NA,0,1,0,1,NA,chlorotic,2018
Smithers,SX,2,SBSmc2,0.868666667,1,2,1,Fdi,C,6,29.8,28,25.3,22.6,17.9,NA,1,1,0,0,NA,chlorotic,2018
Smithers,SX,2,SBSmc2,0.868666667,1,2,1,Fdi,B,8.7,43.5,39.7,30.5,29.9,28.2,NA,1,0,0,1,NA,chlorotic,2018
Smithers,SX,2,SBSmc2,0.868666667,1,2,2,Cw,C,NA,NA,NA,27.3,NA,NA,NA,3,NA,NA,NA,NA,"died, post 2016 assessment",2018
Smithers,SX,2,SBSmc2,0.868666667,1,2,2,Cw,B,7.3,33,NA,32.6,NA,NA,NA,2,0,0,1,1:31,NA,2018
Smithers,SX,2,SBSmc2,0.868666667,1,2,2,Cw,A,6.4,36,NA,36.8,NA,NA,NA,2,0,0,2,1:31,NA,2018
Smithers,SX,2,SBSmc2,0.868666667,1,2,3,Lw,A,7.8,36.1,30.8,6.5,16.2,13.7,NA,0,1,0,1,NA,NA,2018
Smithers,SX,2,SBSmc2,0.868666667,1,2,3,Lw,B,9,41.6,32.5,13.9,26.5,20.2,NA,0,0,0,1,NA,2018 reflush,2018
Smithers,SX,2,SBSmc2,0.868666667,1,3,1,Cw,B,4.6,34,NA,31.2,NA,NA,NA,1,1,0,0,NA,NA,2018
Smithers,SX,2,SBSmc2,0.868666667,1,3,1,Cw,C,NA,NA,NA,1.8,NA,23.5,NA,3,NA,NA,NA,NA,"died, post 2016 assessment",2018
Smithers,SX,2,SBSmc2,0.868666667,1,3,1,Cw,A,4.9,35.8,NA,31.1,NA,NA,NA,2,0,0,2,NA,NA,2018
Smithers,SX,2,SBSmc2,0.868666667,1,3,2,Fdi,A,14.5,63.2,55.5,42.2,37,32.4,NA,0,1,0,0,11:48,NA,2018
Smithers,SX,2,SBSmc2,0.868666667,1,3,2,Fdi,C,8.1,33.6,27,24.3,18.5,15,NA,0,0,0,0,NA,2017 reflush,2018
Smithers,SX,2,SBSmc2,0.868666667,1,3,2,Fdi,B,10.6,41.2,37,35.4,33.5,20.4,NA,1,0,0,0,NA,chlorotic,2018
Smithers,SX,2,SBSmc2,0.868666667,1,3,3,Lw,A,3.7,10.7,10.5,3,17.7,15.9,NA,2,2,0,2,NA,"dead top, measured lateral",2018
Smithers,SX,2,SBSmc2,0.868666667,1,3,3,Lw,B,4.7,35.4,29.5,13.2,27.8,20.5,NA,0,0,0,1,NA,NA,2018
Smithers,SX,2,SBSmc2,0.868666667,1,4,1,Cw,A,6.1,37,NA,36.4,NA,NA,NA,2,0,0,0,NA,brown foliage,2018
Smithers,SX,2,SBSmc2,0.868666667,1,4,1,Cw,C,NA,NA,NA,NA,NA,26.6,NA,3,NA,NA,NA,NA,NA,2018
Smithers,SX,2,SBSmc2,0.868666667,1,4,1,Cw,B,3.2,23,NA,24.6,NA,28.7,NA,0,1,0,1,NA,dead top again,2018
Smithers,SX,2,SBSmc2,0.868666667,1,4,2,Lw,B,NA,NA,NA,NA,NA,25.7,NA,3,NA,NA,NA,NA,NA,2018
Smithers,SX,2,SBSmc2,0.868666667,1,4,2,Lw,A,8.4,52.1,33.5,7.2,3.1,NA,NA,0,0,0,0,NA,great improvements in form and vigour,2018
Smithers,SX,2,SBSmc2,0.868666667,1,4,3,Fdi,C,7.6,30.5,36.5,27,22.8,16.8,NA,0,0,0,0,NA,NA,2018
Smithers,SX,2,SBSmc2,0.868666667,1,4,3,Fdi,B,5,10,8.1,6.5,22.9,18.1,NA,1,0,0,0,NA,2016 final height update from 2.6 to 6.5cm,2018
Smithers,SX,2,SBSmc2,0.868666667,1,4,3,Fdi,A,13.4,53,48.5,42.6,41.4,37.8,NA,0,1,1,1,NA,"- no dominant leader, flat top - 2018 lateral =6cm length",2018
Smithers,SX,2,SBSmc2,0.868666667,1,5,1,Cw,A,6,29.6,NA,26.1,NA,29.5,NA,2,0,0,2,NA,brown foliage,2018
Smithers,SX,2,SBSmc2,0.868666667,1,5,1,Cw,C,NA,NA,NA,NA,NA,18.1,NA,3,NA,NA,NA,NA,NA,2018
Smithers,SX,2,SBSmc2,0.868666667,1,5,1,Cw,B,NA,NA,NA,NA,NA,28.5,NA,3,NA,NA,NA,NA,NA,2018
Smithers,SX,2,SBSmc2,0.868666667,1,5,2,Lw,B,13,59,49.2,29.4,23.9,19.5,NA,0,0,0,1,NA,forked from base,2018
Smithers,SX,2,SBSmc2,0.868666667,1,5,2,Lw,A,NA,NA,NA,1,NA,18,NA,3,0,0,0,NA,"died, post 2016 assessment",2018
Smithers,SX,2,SBSmc2,0.868666667,1,5,3,Fdi,C,12.7,38.8,33,25.2,20.8,16.5,NA,1,1,0,1,NA,"2018 re-flush, chlorotic foliage",2018
Smithers,SX,2,SBSmc2,0.868666667,1,5,3,Fdi,A,9.1,45.5,44,40.4,37.1,29,NA,2,1,0,0,NA,very chlorotic,2018
Smithers,SX,2,SBSmc2,0.868666667,1,5,3,Fdi,B,8.6,32,29.5,25.5,24.5,13.7,NA,0,1,0,1,NA,NA,2018
Smithers,SX,2,SBSmc2,0.868666667,1,6,1,Lw,B,10.8,47,33,8.2,29,24.5,NA,0,0,NA,0,NA,looking great,2018
Smithers,SX,2,SBSmc2,0.868666667,1,6,1,Lw,A,7.4,20.1,11.7,1,NA,16.9,NA,0,0,NA,1,NA,good recovery,2018
Smithers,SX,2,SBSmc2,0.868666667,1,6,2,Fdi,B,NA,NA,NA,NA,NA,19.4,NA,3,NA,NA,NA,NA,NA,2018
Smithers,SX,2,SBSmc2,0.868666667,1,6,2,Fdi,A,7.7,46.5,44,39.3,34,28.6,NA,0,1,NA,1,NA,NA,2018
Smithers,SX,2,SBSmc2,0.868666667,1,6,2,Fdi,C,8.7,37.7,32.5,27.4,25.2,19.7,NA,2,0,NA,0,NA,very chlorotic,2018
Smithers,SX,2,SBSmc2,0.868666667,1,6,3,Cw,C,NA,NA,NA,NA,NA,25.2,NA,3,NA,NA,NA,NA,NA,2018
Smithers,SX,2,SBSmc2,0.868666667,1,6,3,Cw,B,NA,NA,NA,NA,NA,32,NA,3,NA,NA,NA,NA,NA,2018
Smithers,SX,2,SBSmc2,0.868666667,1,6,3,Cw,A,NA,NA,NA,21.8,NA,30.7,NA,3,NA,NA,NA,NA,"died, post 2016 assessment",2018
Smithers,SX,2,SBSmc2,0.868666667,1,7,1,Fdi,B,7,37,33.1,28,26.8,24.5,NA,1,0,NA,1,NA,chlorotic,2018
Smithers,SX,2,SBSmc2,0.868666667,1,7,1,Fdi,C,3,7,6,3.1,14.6,9.8,NA,1,0,NA,1,NA,2016 root collar msmt was 3.2cm,2018
Smithers,SX,2,SBSmc2,0.868666667,1,7,1,Fdi,A,10.1,49.2,46,41.5,37,33.3,NA,2,1,NA,0,NA,"- 2016 height reassessed (was 40.2cm) - very chlorotic, 2018 reflush",2018
Smithers,SX,2,SBSmc2,0.868666667,1,7,2,Cw,B,4,30.5,NA,25.8,NA,NA,NA,2,0,NA,1,NA,brown foliage,2018
Smithers,SX,2,SBSmc2,0.868666667,1,7,2,Cw,C,9,33.5,NA,32.3,NA,NA,NA,2,0,NA,1,NA,minor green foliage,2018
Smithers,SX,2,SBSmc2,0.868666667,1,7,2,Cw,A,NA,NA,NA,NA,NA,31.4,NA,3,NA,NA,NA,NA,NA,2018
Smithers,SX,2,SBSmc2,0.868666667,1,7,3,Lw,B,8.7,40,30.4,26.9,24.3,21.1,NA,0,0,NA,1,NA,forked top,2018
Smithers,SX,2,SBSmc2,0.868666667,1,7,3,Lw,A,6.1,15.8,13.2,4.3,NA,12.9,NA,1,0,NA,1,NA,NA,2018
Smithers,SX,2,SBSmc2,0.868666667,1,8,1,Lw,A,5.7,21.6,19.4,3.1,NA,14,NA,1,0,NA,1,NA,forked at base,2018
Smithers,SX,2,SBSmc2,0.868666667,1,8,1,Lw,B,7.7,48.8,42.1,35,26.8,22.7,NA,0,0,NA,0,NA,NA,2018
Smithers,SX,2,SBSmc2,0.868666667,1,8,2,Fdi,A,8.7,54,52.3,49,46.3,39.6,NA,1,1,NA,0,NA,chlorotic,2018
Smithers,SX,2,SBSmc2,0.868666667,1,8,2,Fdi,B,NA,NA,NA,NA,NA,17.6,NA,3,NA,NA,NA,NA,NA,2018
Smithers,SX,2,SBSmc2,0.868666667,1,8,2,Fdi,C,NA,NA,NA,NA,NA,19.3,NA,3,NA,NA,NA,NA,NA,2018
Smithers,SX,2,SBSmc2,0.868666667,1,8,3,Cw,C,NA,NA,NA,4,NA,22.5,NA,3,NA,NA,NA,NA,"died, post 2016 assessment",2018
Smithers,SX,2,SBSmc2,0.868666667,1,8,3,Cw,A,6.8,46.5,NA,43.6,NA,NA,NA,2,0,0,1,NA,brown foliage,2018
Smithers,SX,2,SBSmc2,0.868666667,1,8,3,Cw,B,NA,NA,NA,NA,NA,24.6,NA,3,NA,NA,NA,NA,NA,2018
Smithers,SX,2,SBSmc2,0.868666667,1,9,1,Cw,C,NA,NA,NA,27.4,NA,NA,NA,3,NA,NA,NA,NA,"died, post 2016 assessment",2018
Smithers,SX,2,SBSmc2,0.868666667,1,9,1,Cw,A,NA,NA,NA,28,NA,NA,NA,3,NA,NA,NA,NA,"died, post 2016 assessment",2018
Smithers,SX,2,SBSmc2,0.868666667,1,9,1,Cw,B,4,29.2,NA,32.6,NA,NA,NA,2,0,0,2,NA,- 2016 root collar msmt was 4.2cm - curved form (pressed),2018
Smithers,SX,2,SBSmc2,0.868666667,1,9,2,Fdi,A,5.2,32.2,NA,33.8,32.2,27.4,NA,2,0,NA,2,NA,"- flat top. Growth increment: 2016=6.2cm, 2017=3.2cm",2018
Smithers,SX,2,SBSmc2,0.868666667,1,9,2,Fdi,C,9.6,38,34.4,27.5,22.8,18.5,NA,1,0,0,0,NA,2018 reflush,2018
Smithers,SX,2,SBSmc2,0.868666667,1,9,2,Fdi,B,9.2,39.4,37.5,35.2,31.3,28.4,NA,2,0,0,1,NA,chlorotic,2018
Smithers,SX,2,SBSmc2,0.868666667,1,9,3,Lw,A,NA,NA,NA,NA,NA,20.4,NA,3,NA,NA,NA,NA,NA,2018
Smithers,SX,2,SBSmc2,0.868666667,1,9,3,Lw,B,13.9,57,45.2,32.1,30.1,31.5,NA,0,0,0,1,NA,"recovered, 2018 reflush",2018
Smithers,SX,2,SBSmc2,0.868666667,1,10,1,Lw,B,16.5,109.4,59,31.8,22.9,21.6,NA,0,0,0,0,1:28,"big and healthy, recovered dead top, 2017 reflush at 90.2cm ht",2018
Smithers,SX,2,SBSmc2,0.868666667,1,10,1,Lw,A,NA,NA,NA,NA,NA,21.4,NA,3,NA,NA,NA,NA,NA,2018
Smithers,SX,2,SBSmc2,0.868666667,1,10,2,Fdi,A,NA,NA,NA,NA,NA,36.5,NA,3,NA,NA,NA,NA,NA,2018
Smithers,SX,2,SBSmc2,0.868666667,1,10,2,Fdi,C,9,37.5,30.8,23.9,22.4,17.5,NA,0,0,0,1,NA,healthy,2018
Smithers,SX,2,SBSmc2,0.868666667,1,10,2,Fdi,B,8,40.8,35.3,28.4,25.8,21.5,NA,0,0,0,0,NA,healthy,2018
Smithers,SX,2,SBSmc2,0.868666667,1,10,3,Cw,A,NA,NA,NA,NA,NA,38.9,NA,3,NA,NA,NA,NA,NA,2018
Smithers,SX,2,SBSmc2,0.868666667,1,10,3,Cw,C,NA,NA,NA,NA,NA,22.5,NA,3,NA,NA,NA,NA,NA,2018
Smithers,SX,2,SBSmc2,0.868666667,1,10,3,Cw,B,NA,NA,NA,28.9,NA,NA,NA,3,NA,NA,NA,NA,"died, post 2016 assessment",2018
Smithers,SX,2,SBSmc2,0.868666667,1,11,1,Cw,B,NA,NA,NA,24.9,NA,NA,NA,3,NA,NA,NA,NA,"died, post 2016 assessment",2018
Smithers,SX,2,SBSmc2,0.868666667,1,11,1,Cw,C,NA,NA,NA,NA,NA,21.4,NA,3,NA,NA,NA,NA,NA,2018
Smithers,SX,2,SBSmc2,0.868666667,1,11,1,Cw,A,NA,NA,NA,NA,NA,35.8,NA,3,NA,NA,NA,NA,NA,2018
Smithers,SX,2,SBSmc2,0.868666667,1,11,2,Lw,A,NA,NA,NA,NA,NA,21.1,NA,3,NA,NA,NA,NA,NA,2018
Smithers,SX,2,SBSmc2,0.868666667,1,11,2,Lw,B,NA,NA,NA,NA,NA,24.5,NA,3,NA,NA,NA,NA,NA,2018
Smithers,SX,2,SBSmc2,0.868666667,1,11,3,Fdi,A,14,57.5,49.6,41.1,39.2,36.8,NA,0,1,0,1,NA,healthy,2018
Smithers,SX,2,SBSmc2,0.868666667,1,11,3,Fdi,C,12.8,32.2,24,7.5,20.2,17.5,NA,0,1,0,1,NA,"fork at bottom, but healthy",2018
Smithers,SX,2,SBSmc2,0.868666667,1,11,3,Fdi,B,NA,NA,NA,NA,NA,26.6,NA,3,NA,NA,NA,NA,NA,2018
Smithers,SX,2,SBSmc2,0.868666667,1,12,1,Fdi,C,NA,NA,NA,NA,NA,18.2,NA,3,NA,NA,NA,NA,NA,2018
Smithers,SX,2,SBSmc2,0.868666667,1,12,1,Fdi,A,8.9,54.6,49,40.2,37,33,NA,0,1,0,1,NA,chlorotic,2018
Smithers,SX,2,SBSmc2,0.868666667,1,12,1,Fdi,B,6,9,8.2,6.3,28.5,22.7,NA,1,1,0,2,NA,"tiny shrub, green foliage",2018
Smithers,SX,2,SBSmc2,0.868666667,1,12,2,Cw,A,5.4,37.6,NA,36,NA,NA,NA,2,0,0,1,NA,brown foliage,2018
Smithers,SX,2,SBSmc2,0.868666667,1,12,2,Cw,B,NA,NA,NA,24.5,NA,33,NA,3,NA,NA,NA,NA,"died, post 2016 assessment",2018
Smithers,SX,2,SBSmc2,0.868666667,1,12,2,Cw,C,NA,NA,NA,21,NA,NA,NA,3,NA,NA,NA,NA,"died, post 2016 assessment",2018
Smithers,SX,2,SBSmc2,0.868666667,1,12,3,Lw,B,NA,NA,NA,NA,NA,26.1,NA,3,NA,NA,NA,NA,NA,2018
Smithers,SX,2,SBSmc2,0.868666667,1,12,3,Lw,A,NA,NA,NA,NA,NA,30.3,NA,3,NA,NA,NA,NA,NA,2018
Smithers,SX,2,SBSmc2,0.868666667,1,13,1,Cw,C,NA,NA,NA,39,NA,NA,NA,3,NA,NA,NA,NA,"died, post 2016 assessment",2018
Smithers,SX,2,SBSmc2,0.868666667,1,13,1,Cw,B,4.5,28.3,NA,29.5,NA,NA,NA,2,0,0,1,NA,"brown, crispy foliage",2018
Smithers,SX,2,SBSmc2,0.868666667,1,13,1,Cw,A,6.7,40.5,NA,33.3,NA,NA,NA,2,0,0,1,NA,"brown, crispy foliage",2018
Smithers,SX,2,SBSmc2,0.868666667,1,13,2,Fdi,C,NA,NA,NA,NA,NA,18.2,NA,3,NA,NA,NA,NA,NA,2018
Smithers,SX,2,SBSmc2,0.868666667,1,13,2,Fdi,A,6.4,35.6,34,33,31.5,30,NA,2,1,0,2,NA,"sweep, very chlorotic",2018
Smithers,SX,2,SBSmc2,0.868666667,1,13,2,Fdi,B,NA,NA,NA,NA,NA,24.1,NA,3,NA,NA,NA,NA,NA,2018
Smithers,SX,2,SBSmc2,0.868666667,1,13,3,Lw,A,7.1,30.2,23.1,12.5,16.2,13.7,NA,0,0,0,0,NA,- recovered (dead top 2016) - 2016 height reassessed (was 4.6cm),2018
Smithers,SX,2,SBSmc2,0.868666667,1,13,3,Lw,B,11.9,39.5,24,17,26,21.5,NA,0,1,0,2,NA,NA,2018
Smithers,SX,2,SBSmc2,0.868666667,1,14,1,Fdi,A,7.4,43.5,41.8,38.5,39.2,36.7,NA,0,0,0,2,NA,lean and forked top,2018
Smithers,SX,2,SBSmc2,0.868666667,1,14,1,Fdi,C,7.1,33.5,38.7,24,22,20,NA,1,1,0,1,NA,"2018 reflush, chlorotic tree",2018
Smithers,SX,2,SBSmc2,0.868666667,1,14,1,Fdi,B,3.8,8.4,5.5,2.5,23,19.5,NA,1,0,0,2,NA,small shrub but green foliage,2018
Smithers,SX,2,SBSmc2,0.868666667,1,14,2,Lw,A,8.8,30.2,20.2,6,18.6,17,NA,0,0,0,2,NA,"multi-forked (dead top 2016), improvements shown",2018
Smithers,SX,2,SBSmc2,0.868666667,1,14,2,Lw,B,17.3,61.8,45.5,26.2,29.1,20,NA,0,1,0,2,NA,still multiforked (2014),2018
Smithers,SX,2,SBSmc2,0.868666667,1,14,3,Cw,B,5,33,NA,31,NA,NA,NA,2,0,0,1,NA,"brown foliage, minor green",2018
Smithers,SX,2,SBSmc2,0.868666667,1,14,3,Cw,A,NA,NA,NA,NA,NA,30,NA,3,NA,NA,NA,NA,NA,2018
Smithers,SX,2,SBSmc2,0.868666667,1,14,3,Cw,C,NA,NA,NA,NA,NA,30.5,NA,3,NA,NA,NA,NA,NA,2018
Smithers,SX,2,SBSmc2,0.868666667,1,15,1,Cw,B,NA,NA,NA,27.4,NA,NA,NA,3,NA,NA,NA,NA,"died, post 2016 assessment",2018
Smithers,SX,2,SBSmc2,0.868666667,1,15,1,Cw,A,6.2,32.2,NA,29.9,NA,NA,NA,2,0,0,0,NA,brown foliage,2018
Smithers,SX,2,SBSmc2,0.868666667,1,15,1,Cw,C,NA,NA,NA,NA,NA,31.1,NA,3,NA,NA,NA,NA,NA,2018
Smithers,SX,2,SBSmc2,0.868666667,1,15,2,Lw,B,11.2,68.5,45.5,9,23.8,21.5,NA,0,0,0,0,NA,great form now (dead top 2016),2018
Smithers,SX,2,SBSmc2,0.868666667,1,15,2,Lw,A,8.6,46,31.5,11,20.2,17,NA,0,0,0,1,NA,recovered dead top 2016,2018
Smithers,SX,2,SBSmc2,0.868666667,1,15,3,Fdi,A,8.2,48.3,40.2,30.5,29.5,26,NA,0,1,0,1,NA,NA,2018
Smithers,SX,2,SBSmc2,0.868666667,1,15,3,Fdi,C,NA,NA,NA,NA,NA,21.2,NA,3,NA,NA,NA,NA,NA,2018
Smithers,SX,2,SBSmc2,0.868666667,1,15,3,Fdi,B,2.9,11.2,9.1,5.3,27.9,23.5,NA,1,0,0,2,NA,"- smally, shrubby form, chlorotic - diameter taken on new lower fork (was 5.8cm on original stem)",2018
Smithers,SX,2,SBSmc2,0.868666667,1,16,1,Lw,A,NA,NA,NA,NA,NA,21,NA,3,NA,NA,NA,NA,NA,2018
Smithers,SX,2,SBSmc2,0.868666667,1,16,1,Lw,B,NA,NA,NA,NA,NA,22.5,NA,3,NA,NA,NA,NA,NA,2018
Smithers,SX,2,SBSmc2,0.868666667,1,16,2,Cw,A,6.1,34.2,NA,29.5,NA,NA,NA,2,0,0,2,NA,tree mostly dead (slight green foliage),2018
Smithers,SX,2,SBSmc2,0.868666667,1,16,2,Cw,B,NA,NA,NA,NA,NA,29.3,NA,3,NA,NA,NA,NA,NA,2018
Smithers,SX,2,SBSmc2,0.868666667,1,16,2,Cw,C,NA,NA,NA,NA,NA,23.5,NA,3,NA,NA,NA,NA,NA,2018
Smithers,SX,2,SBSmc2,0.868666667,1,16,3,Fdi,B,NA,NA,NA,NA,NA,19.3,NA,3,NA,NA,NA,NA,NA,2018
Smithers,SX,2,SBSmc2,0.868666667,1,16,3,Fdi,A,9.8,48,43.8,37,31,25.5,NA,1,0,0,0,NA,2018 reflush,2018
Smithers,SX,2,SBSmc2,0.868666667,1,16,3,Fdi,C,NA,NA,NA,NA,NA,14,NA,3,NA,NA,NA,NA,NA,2018
Smithers,SX,2,SBSmc2,0.868666667,1,17,1,Cw,A,NA,NA,NA,NA,NA,32.3,NA,3,NA,NA,NA,NA,NA,2018
Smithers,SX,2,SBSmc2,0.868666667,1,17,1,Cw,B,5.7,24.8,NA,29.6,NA,NA,NA,2,0,0,2,NA,"dead top, tree is barely green",2018
Smithers,SX,2,SBSmc2,0.868666667,1,17,1,Cw,C,NA,NA,NA,9.4,NA,25.5,NA,3,NA,NA,NA,NA,"died, post 2016 assessment",2018
Smithers,SX,2,SBSmc2,0.868666667,1,17,2,Lw,A,8,43.4,30.2,8.5,15.5,14.7,NA,0,1,0,1,NA,recovered dead top,2018
Smithers,SX,2,SBSmc2,0.868666667,1,17,2,Lw,B,NA,NA,NA,NA,NA,30.5,NA,3,NA,NA,NA,NA,NA,2018
Smithers,SX,2,SBSmc2,0.868666667,1,17,3,Fdi,B,9.3,44.8,39.7,33,30.5,26,NA,1,1,0,0,NA,very chlorotic,2018
Smithers,SX,2,SBSmc2,0.868666667,1,17,3,Fdi,A,6.6,53.4,48,44.5,42.8,36.5,NA,1,0,0,0,NA,2018 reflush,2018
Smithers,SX,2,SBSmc2,0.868666667,1,17,3,Fdi,C,NA,NA,NA,NA,NA,17.4,NA,3,NA,NA,NA,NA,NA,2018
Smithers,SX,2,SBSmc2,0.868666667,1,18,1,Lw,A,6.4,29.2,19.6,7.5,16.5,15,NA,0,0,0,0,NA,recovered dead top,2018
Smithers,SX,2,SBSmc2,0.868666667,1,18,1,Lw,B,8.7,60.2,50.4,17.6,NA,21,NA,0,0,0,0,NA,recovered dead top,2018
Smithers,SX,2,SBSmc2,0.868666667,1,18,2,Fdi,A,10.3,46.4,41.5,39,39.9,38,NA,1,1,0,1,NA,"2018 reflush, chlorotic foliage",2018
Smithers,SX,2,SBSmc2,0.868666667,1,18,2,Fdi,C,NA,NA,NA,NA,NA,13,NA,3,NA,NA,NA,NA,NA,2018
Smithers,SX,2,SBSmc2,0.868666667,1,18,2,Fdi,B,4.4,11.8,9.4,6.5,21.3,17,NA,1,0,0,2,NA,"small, shrubby, but green foliage",2018
Smithers,SX,2,SBSmc2,0.868666667,1,18,3,Cw,A,5.1,38.5,NA,38,NA,NA,NA,2,0,0,2,NA,NA,2018
Smithers,SX,2,SBSmc2,0.868666667,1,18,3,Cw,B,4.8,31.2,NA,32.4,NA,NA,NA,2,0,0,1,NA,"dieback, brown foliage",2018
Smithers,SX,2,SBSmc2,0.868666667,1,18,3,Cw,C,5.9,34.8,NA,2.5,NA,28,NA,3,NA,NA,NA,NA,"died, post 2016 assessment",2018
Smithers,SX,2,SBSmc2,0.868666667,1,19,1,Cw,B,NA,NA,NA,31.1,NA,NA,NA,3,NA,NA,NA,NA,"died, post 2016 assessment",2018
Smithers,SX,2,SBSmc2,0.868666667,1,19,1,Cw,C,NA,NA,NA,3.7,NA,20.2,NA,3,NA,NA,NA,NA,"died, post 2016 assessment",2018
Smithers,SX,2,SBSmc2,0.868666667,1,19,1,Cw,A,6,32.2,NA,23,NA,NA,NA,2,0,0,2,NA,brown foliage,2018
Smithers,SX,2,SBSmc2,0.868666667,1,19,2,Lw,A,7.5,47,31.4,9,20.5,20.2,NA,0,0,0,0,NA,great recovery (dead top),2018
Smithers,SX,2,SBSmc2,0.868666667,1,19,2,Lw,B,11.2,75.7,56,19,22.8,13.8,NA,0,0,0,0,NA,great recovery (dead top),2018
Smithers,SX,2,SBSmc2,0.868666667,1,19,3,Fdi,A,12.1,51.1,44,41.2,37.3,32.5,NA,2,2,0,1,NA,reflush 2018,2018
Smithers,SX,2,SBSmc2,0.868666667,1,19,3,Fdi,C,6.3,26,23.1,20.2,18.8,13.5,NA,1,1,0,1,NA,curved stem,2018
Smithers,SX,2,SBSmc2,0.868666667,1,19,3,Fdi,B,6.5,34,29,25.2,24.5,20.2,NA,0,1,0,0,NA,recovered (chlorotic),2018
Smithers,SX,2,SBSmc2,0.868666667,1,20,1,Lw,A,8,24.5,17.3,8.7,NA,22,NA,0,0,0,2,NA,NA,2018
Smithers,SX,2,SBSmc2,0.868666667,1,20,1,Lw,B,NA,NA,NA,NA,NA,18.5,NA,3,NA,NA,NA,NA,NA,2018
Smithers,SX,2,SBSmc2,0.868666667,1,20,2,Cw,B,3.4,29.8,NA,30.5,NA,NA,NA,2,0,0,2,NA,"dieback, brown foliage",2018
Smithers,SX,2,SBSmc2,0.868666667,1,20,2,Cw,A,4.9,6.2,NA,11,NA,31,NA,2,0,0,2,NA,dead top again,2018
Smithers,SX,2,SBSmc2,0.868666667,1,20,2,Cw,C,NA,NA,NA,NA,NA,19.5,NA,3,NA,NA,NA,NA,NA,2018
Smithers,SX,2,SBSmc2,0.868666667,1,20,3,Fdi,A,10.7,58,48.9,44.4,42.5,37.2,NA,0,1,0,0,NA,2018 reflush,2018
Smithers,SX,2,SBSmc2,0.868666667,1,20,3,Fdi,C,6.7,17.5,14.7,23,20,15.5,NA,1,2,0,2,NA,"dead top, shrubby",2018
Smithers,SX,2,SBSmc2,0.868666667,1,20,3,Fdi,B,NA,NA,NA,NA,NA,21,NA,3,NA,NA,NA,NA,NA,2018
Smithers,SM,3,SBSmc2,0.887166667,2,21,1,Cw,C,NA,NA,NA,NA,NA,28.6,NA,3,NA,NA,NA,NA,NA,2018
Smithers,SM,3,SBSmc2,0.887166667,2,21,1,Cw,A,NA,NA,NA,NA,NA,33.1,NA,3,NA,NA,NA,NA,NA,2018
Smithers,SM,3,SBSmc2,0.887166667,2,21,1,Cw,B,NA,NA,NA,NA,NA,31.8,NA,3,NA,NA,NA,NA,NA,2018
Smithers,SM,3,SBSmc2,0.887166667,2,21,2,Lw,A,13.9,92.3,59.8,21,20.1,18.4,NA,0,0,0,0,NA,NA,2018
Smithers,SM,3,SBSmc2,0.887166667,2,21,2,Lw,B,17.1,125.2,69.5,32.6,28.4,23.2,NA,0,0,0,0,NA,2018 reflush,2018
Smithers,SM,3,SBSmc2,0.887166667,2,21,3,Fdi,B,12.3,6,4.3,3.2,25.6,22,NA,2,0,0,2,NA,not recovering from dead top,2018
Smithers,SM,3,SBSmc2,0.887166667,2,21,3,Fdi,C,12.3,48,39,28.8,24.1,19.2,NA,0,0,0,0,NA,2018 reflush,2018
Smithers,SM,3,SBSmc2,0.887166667,2,21,3,Fdi,A,13,52.5,47,43,41.2,34.5,NA,1,2,0,2,NA,2018 reflush,2018
Smithers,SM,3,SBSmc2,0.887166667,2,22,1,Fdi,A,6.5,50,44.5,42.9,41.2,32.5,NA,1,1,0,0,NA,2018 reflush,2018
Smithers,SM,3,SBSmc2,0.887166667,2,22,1,Fdi,B,4.3,15,11,2.4,31.5,26,NA,1,0,0,1,NA,"dead top 2016, root collar msmt changed from 7cm in 2014",2018
Smithers,SM,3,SBSmc2,0.887166667,2,22,1,Fdi,C,9.6,37,31.2,24.5,21.6,17.2,NA,0,1,0,0,NA,NA,2018
Smithers,SM,3,SBSmc2,0.887166667,2,22,2,Cw,A,NA,NA,NA,24.9,NA,33.5,NA,3,NA,NA,NA,NA,"died, post 2016 assessment",2018
Smithers,SM,3,SBSmc2,0.887166667,2,22,2,Cw,C,NA,NA,NA,NA,NA,16.5,NA,3,NA,NA,NA,NA,NA,2018
Smithers,SM,3,SBSmc2,0.887166667,2,22,2,Cw,B,NA,NA,NA,21.7,NA,NA,NA,3,NA,NA,NA,NA,"died, post 2016 assessment",2018
Smithers,SM,3,SBSmc2,0.887166667,2,22,3,Lw,A,11.4,61,44,13.8,17.4,15.1,NA,0,0,0,0,NA,recovered dead top 2016,2018
Smithers,SM,3,SBSmc2,0.887166667,2,22,3,Lw,B,14.5,58.3,47.8,33.4,31.5,25.5,NA,0,0,0,1,NA,"short needles, 2018 reflush",2018
Smithers,SM,3,SBSmc2,0.887166667,2,23,1,Lw,A,10.2,47,35.5,20.1,19.2,15,NA,0,0,0,1,NA,forked from 2016 dead top,2018
Smithers,SM,3,SBSmc2,0.887166667,2,23,1,Lw,B,10.1,46,33.4,10.9,28.5,22,NA,0,0,0,0,NA,recovered dead top 2016,2018
Smithers,SM,3,SBSmc2,0.887166667,2,23,2,Fdi,B,NA,NA,NA,NA,NA,19.7,NA,3,NA,NA,NA,NA,NA,2018
Smithers,SM,3,SBSmc2,0.887166667,2,23,2,Fdi,C,NA,NA,NA,NA,NA,19,NA,3,NA,NA,NA,NA,NA,2018
Smithers,SM,3,SBSmc2,0.887166667,2,23,2,Fdi,A,NA,NA,NA,NA,NA,35.5,NA,3,NA,NA,NA,NA,NA,2018
Smithers,SM,3,SBSmc2,0.887166667,2,23,3,Cw,B,5.4,24,NA,19.7,NA,29.2,NA,2,0,0,1,NA,"top dieback, min green foliage",2018
Smithers,SM,3,SBSmc2,0.887166667,2,23,3,Cw,C,NA,NA,NA,NA,NA,30,NA,3,NA,NA,NA,NA,NA,2018
Smithers,SM,3,SBSmc2,0.887166667,2,23,3,Cw,A,NA,NA,NA,32.2,NA,NA,NA,3,NA,NA,NA,NA,"died, post 2016 assessment",2018
Smithers,SM,3,SBSmc2,0.887166667,2,24,1,Fdi,B,NA,NA,NA,NA,NA,23.7,NA,3,NA,NA,NA,NA,NA,2018
Smithers,SM,3,SBSmc2,0.887166667,2,24,1,Fdi,C,NA,NA,NA,NA,NA,20,NA,3,NA,NA,NA,NA,NA,2018
Smithers,SM,3,SBSmc2,0.887166667,2,24,1,Fdi,A,NA,NA,NA,NA,NA,46.1,NA,3,NA,NA,NA,NA,NA,2018
Smithers,SM,3,SBSmc2,0.887166667,2,24,2,Lw,A,12.2,48.5,32.8,21.9,18.7,17.1,NA,0,0,0,0,NA,NA,2018
Smithers,SM,3,SBSmc2,0.887166667,2,24,2,Lw,B,NA,NA,NA,NA,NA,25.8,NA,3,NA,NA,NA,NA,NA,2018
Smithers,SM,3,SBSmc2,0.887166667,2,24,3,Cw,B,NA,NA,NA,NA,NA,31.8,NA,3,NA,NA,NA,NA,NA,2018
Smithers,SM,3,SBSmc2,0.887166667,2,24,3,Cw,C,NA,NA,NA,NA,NA,24.9,NA,3,NA,NA,NA,NA,NA,2018
Smithers,SM,3,SBSmc2,0.887166667,2,24,3,Cw,A,6.2,27.5,NA,25.2,NA,NA,NA,2,0,0,2,NA,NA,2018
Smithers,SM,3,SBSmc2,0.887166667,2,25,1,Lw,B,18.7,98.7,61.8,39.5,29.7,23.1,NA,0,0,0,0,NA,2018 reflush,2018
Smithers,SM,3,SBSmc2,0.887166667,2,25,1,Lw,A,NA,NA,NA,NA,NA,13.6,NA,3,NA,NA,NA,NA,NA,2018
Smithers,SM,3,SBSmc2,0.887166667,2,25,2,Fdi,A,NA,NA,NA,NA,NA,34.2,NA,3,NA,NA,NA,NA,NA,2018
Smithers,SM,3,SBSmc2,0.887166667,2,25,2,Fdi,C,6.9,22.5,21,19.8,17.1,12.5,NA,1,1,0,1,NA,NA,2018
Smithers,SM,3,SBSmc2,0.887166667,2,25,2,Fdi,B,NA,NA,NA,NA,NA,23,NA,3,NA,NA,NA,NA,NA,2018
Smithers,SM,3,SBSmc2,0.887166667,2,25,3,Cw,B,NA,NA,NA,NA,NA,35.9,NA,3,NA,NA,NA,NA,"died, post 2016 assessment",2018
Smithers,SM,3,SBSmc2,0.887166667,2,25,3,Cw,C,NA,NA,NA,NA,NA,25.1,NA,3,NA,NA,NA,NA,NA,2018
Smithers,SM,3,SBSmc2,0.887166667,2,25,3,Cw,A,NA,NA,NA,NA,NA,36.9,NA,3,NA,NA,NA,NA,NA,2018
Smithers,SM,3,SBSmc2,0.887166667,2,26,1,Cw,C,NA,NA,NA,NA,NA,25.1,NA,3,NA,NA,NA,NA,NA,2018
Smithers,SM,3,SBSmc2,0.887166667,2,26,1,Cw,A,6.2,8.4,NA,5.5,NA,28.4,NA,2,0,0,2,NA,dead top,2018
Smithers,SM,3,SBSmc2,0.887166667,2,26,1,Cw,B,NA,NA,NA,NA,NA,31.3,NA,3,NA,NA,NA,NA,NA,2018
Smithers,SM,3,SBSmc2,0.887166667,2,26,2,Fdi,A,9.9,51.3,46.2,37.4,35.2,33.5,NA,1,1,0,1,NA,2015 dead top,2018
Smithers,SM,3,SBSmc2,0.887166667,2,26,2,Fdi,C,12.2,42.5,33,22.8,19,13.8,NA,0,0,0,0,NA,NA,2018
Smithers,SM,3,SBSmc2,0.887166667,2,26,2,Fdi,B,9.9,40,34.2,24.9,23.2,19.2,NA,0,1,0,1,NA,NA,2018
Smithers,SM,3,SBSmc2,0.887166667,2,26,3,Lw,A,5.8,40.7,29.5,17.5,15.8,13.2,NA,0,0,0,0,NA,NA,2018
Smithers,SM,3,SBSmc2,0.887166667,2,26,3,Lw,B,15.8,99,64,38,23.5,23.9,NA,0,0,0,0,NA,"2016 ht changed from 25.6cm to 38cm (continued growth), recovered well",2018
Smithers,SM,3,SBSmc2,0.887166667,2,27,1,Fdi,A,9.5,51.8,47.5,41.5,39.2,34.2,NA,1,1,0,1,NA,"2017 dead top, lateral measured",2018
Smithers,SM,3,SBSmc2,0.887166667,2,27,1,Fdi,C,NA,NA,NA,NA,NA,16,NA,3,NA,NA,NA,NA,NA,2018
Smithers,SM,3,SBSmc2,0.887166667,2,27,1,Fdi,B,6,13.2,9.6,4.3,23.7,18.2,NA,1,0,0,0,NA,"green foliage, shrubby",2018
Smithers,SM,3,SBSmc2,0.887166667,2,27,2,Lw,B,19.1,116,80.3,40.8,35.5,23.5,NA,0,0,0,0,2:08,NA,2018
Smithers,SM,3,SBSmc2,0.887166667,2,27,2,Lw,A,15.1,73.8,49.5,21.8,19.2,16.5,NA,0,0,0,0,NA,NA,2018
Smithers,SM,3,SBSmc2,0.887166667,2,27,3,Cw,A,NA,NA,NA,NA,NA,34.4,NA,3,NA,NA,NA,NA,NA,2018
Smithers,SM,3,SBSmc2,0.887166667,2,27,3,Cw,B,NA,NA,NA,38.5,NA,NA,NA,3,NA,NA,NA,NA,"died, post 2016 assessment, broken stem",2018
Smithers,SM,3,SBSmc2,0.887166667,2,27,3,Cw,C,NA,NA,NA,NA,NA,31.6,NA,3,NA,NA,NA,NA,NA,2018
Smithers,SM,3,SBSmc2,0.887166667,2,28,1,Cw,B,NA,NA,NA,NA,NA,22.5,NA,3,NA,NA,NA,NA,NA,2018
Smithers,SM,3,SBSmc2,0.887166667,2,28,1,Cw,C,NA,NA,NA,30.7,NA,NA,NA,3,NA,NA,NA,NA,"died, post 2016 assessment",2018
Smithers,SM,3,SBSmc2,0.887166667,2,28,1,Cw,A,NA,NA,NA,43.4,NA,NA,NA,3,NA,NA,NA,NA,"died, post 2016 assessment",2018
Smithers,SM,3,SBSmc2,0.887166667,2,28,2,Lw,B,NA,NA,NA,NA,NA,30.8,NA,3,NA,NA,NA,NA,NA,2018
Smithers,SM,3,SBSmc2,0.887166667,2,28,2,Lw,A,8.6,27.4,22,15.9,14.7,12.9,NA,2,0,0,2,NA,bushy top,2018
Smithers,SM,3,SBSmc2,0.887166667,2,28,3,Fdi,A,8.6,41.3,42.2,38,35.7,31.6,NA,1,1,0,2,NA,NA,2018
Smithers,SM,3,SBSmc2,0.887166667,2,28,3,Fdi,C,NA,NA,NA,NA,NA,16,NA,3,NA,NA,NA,NA,NA,2018
Smithers,SM,3,SBSmc2,0.887166667,2,28,3,Fdi,B,NA,NA,NA,NA,NA,22.8,NA,3,NA,NA,NA,NA,NA,2018
Smithers,SM,3,SBSmc2,0.887166667,2,29,1,Lw,A,NA,NA,NA,NA,NA,13.2,NA,3,NA,NA,NA,NA,NA,2018
Smithers,SM,3,SBSmc2,0.887166667,2,29,1,Lw,B,NA,NA,NA,NA,NA,23.9,NA,3,NA,NA,NA,NA,NA,2018
Smithers,SM,3,SBSmc2,0.887166667,2,29,2,Fdi,B,NA,NA,NA,NA,NA,24,NA,3,NA,NA,NA,NA,NA,2018
Smithers,SM,3,SBSmc2,0.887166667,2,29,2,Fdi,A,NA,NA,NA,NA,NA,36.2,NA,3,NA,NA,NA,NA,NA,2018
Smithers,SM,3,SBSmc2,0.887166667,2,29,2,Fdi,C,NA,NA,NA,NA,NA,17.2,NA,3,NA,NA,NA,NA,NA,2018
Smithers,SM,3,SBSmc2,0.887166667,2,29,3,Cw,A,9.2,32.1,NA,30.5,NA,NA,NA,2,0,0,2,NA,"leaning, shrubby, barely green",2018
Smithers,SM,3,SBSmc2,0.887166667,2,29,3,Cw,B,NA,NA,NA,3,NA,31.5,NA,3,NA,NA,NA,NA,"died, post 2016 assessment",2018
Smithers,SM,3,SBSmc2,0.887166667,2,29,3,Cw,C,NA,NA,NA,NA,NA,24.4,NA,3,NA,NA,NA,NA,NA,2018
Smithers,SM,3,SBSmc2,0.887166667,2,30,1,Cw,B,5.1,30,NA,26.7,NA,NA,NA,2,NA,NA,2,NA,NA,2018
Smithers,SM,3,SBSmc2,0.887166667,2,30,1,Cw,A,NA,NA,NA,32.8,NA,NA,NA,3,NA,NA,NA,NA,"died, post 2016 assessment",2018
Smithers,SM,3,SBSmc2,0.887166667,2,30,1,Cw,C,NA,NA,NA,25.9,NA,NA,NA,3,NA,NA,NA,NA,"died, post 2016 assessment",2018
Smithers,SM,3,SBSmc2,0.887166667,2,30,2,Lw,B,18,70.5,45.7,22.2,19,15,NA,0,0,NA,0,NA,recovered dead top,2018
Smithers,SM,3,SBSmc2,0.887166667,2,30,2,Lw,A,8.1,36.5,23.5,14,12.9,9.4,NA,0,0,NA,1,NA,2018 fork,2018
Smithers,SM,3,SBSmc2,0.887166667,2,30,3,Fdi,B,9.5,44.3,38,24.9,22.7,17.5,NA,0,1,NA,0,NA,NA,2018
Smithers,SM,3,SBSmc2,0.887166667,2,30,3,Fdi,A,NA,NA,NA,NA,NA,36.1,NA,3,NA,NA,NA,NA,NA,2018
Smithers,SM,3,SBSmc2,0.887166667,2,30,3,Fdi,C,NA,NA,NA,NA,NA,13,NA,3,NA,NA,NA,NA,NA,2018
Smithers,SM,3,SBSmc2,0.887166667,2,31,1,Lw,A,9.6,51.4,38.5,22.4,17.9,15.6,NA,0,0,NA,0,NA,NA,2018
Smithers,SM,3,SBSmc2,0.887166667,2,31,1,Lw,B,NA,NA,NA,NA,NA,21,NA,3,NA,NA,NA,NA,NA,2018
Smithers,SM,3,SBSmc2,0.887166667,2,31,2,Cw,B,NA,NA,NA,NA,NA,28.7,NA,3,NA,NA,NA,NA,NA,2018
Smithers,SM,3,SBSmc2,0.887166667,2,31,2,Cw,A,NA,NA,NA,28.5,NA,NA,NA,3,NA,NA,NA,NA,"died, post 2016 assessment",2018
Smithers,SM,3,SBSmc2,0.887166667,2,31,2,Cw,C,NA,NA,NA,42.1,NA,NA,NA,3,NA,NA,NA,NA,"died, post 2016 assessment",2018
Smithers,SM,3,SBSmc2,0.887166667,2,31,3,Fdi,C,6.7,8.5,6,3.4,18.9,12.5,NA,2,1,NA,2,NA,"small, shrubby",2018
Smithers,SM,3,SBSmc2,0.887166667,2,31,3,Fdi,A,11.5,65.5,59.7,39.4,36.3,29.8,NA,0,0,NA,0,2:23,still very happy tree,2018
Smithers,SM,3,SBSmc2,0.887166667,2,31,3,Fdi,B,7.5,38.5,37.1,30.1,28.2,24.3,NA,1,0,NA,1,NA,NA,2018
Smithers,SM,3,SBSmc2,0.887166667,2,32,1,Fdi,B,NA,NA,NA,NA,NA,27,NA,3,NA,NA,NA,NA,NA,2018
Smithers,SM,3,SBSmc2,0.887166667,2,32,1,Fdi,C,7.5,36.7,21,24.3,15.8,12.2,NA,1,1,0,2,NA,multi-forked,2018
Smithers,SM,3,SBSmc2,0.887166667,2,32,1,Fdi,A,NA,NA,NA,NA,NA,27.2,NA,3,NA,NA,NA,NA,NA,2018
Smithers,SM,3,SBSmc2,0.887166667,2,32,2,Cw,B,NA,NA,NA,NA,NA,31.8,NA,3,NA,NA,NA,NA,NA,2018
Smithers,SM,3,SBSmc2,0.887166667,2,32,2,Cw,A,NA,NA,NA,NA,NA,26,NA,3,NA,NA,NA,NA,"died, post 2016 assessment",2018
Smithers,SM,3,SBSmc2,0.887166667,2,32,2,Cw,C,NA,NA,NA,NA,NA,30.6,NA,3,NA,NA,NA,NA,NA,2018
Smithers,SM,3,SBSmc2,0.887166667,2,32,3,Lw,A,NA,NA,NA,NA,NA,16.4,NA,3,NA,NA,NA,NA,NA,2018
Smithers,SM,3,SBSmc2,0.887166667,2,32,3,Lw,B,13.8,61,46.5,28.3,30.6,17.7,NA,0,1,0,1,NA,forked top,2018
Smithers,SM,3,SBSmc2,0.887166667,2,33,1,Lw,B,17.8,110,89.7,56,20.8,13.6,NA,0,0,0,0,NA,2016 ht changed from 28.5cm to 56cm,2018
Smithers,SM,3,SBSmc2,0.887166667,2,33,1,Lw,A,NA,NA,NA,NA,NA,18.4,NA,3,NA,NA,NA,NA,NA,2018
Smithers,SM,3,SBSmc2,0.887166667,2,33,2,Fdi,C,NA,NA,NA,1.3,25.9,20.5,NA,3,NA,NA,NA,NA,"died, post 2016 assessment",2018
Smithers,SM,3,SBSmc2,0.887166667,2,33,2,Fdi,A,NA,NA,NA,NA,NA,42.4,NA,3,NA,NA,NA,NA,NA,2018
Smithers,SM,3,SBSmc2,0.887166667,2,33,2,Fdi,B,NA,NA,NA,NA,NA,13.4,NA,3,NA,NA,NA,NA,NA,2018
Smithers,SM,3,SBSmc2,0.887166667,2,33,3,Cw,A,NA,NA,NA,40,NA,NA,NA,3,NA,NA,NA,NA,"died, post 2016 assessment",2018
Smithers,SM,3,SBSmc2,0.887166667,2,33,3,Cw,C,5.1,26.4,NA,24.8,NA,NA,NA,2,0,0,1,NA,brown foliage,2018
Smithers,SM,3,SBSmc2,0.887166667,2,33,3,Cw,B,NA,NA,NA,31.9,NA,NA,NA,3,NA,NA,NA,NA,"died, post 2016 assessment",2018
Smithers,SM,3,SBSmc2,0.887166667,2,34,1,Fdi,C,NA,NA,NA,NA,NA,14,NA,3,NA,NA,NA,NA,NA,2018
Smithers,SM,3,SBSmc2,0.887166667,2,34,1,Fdi,A,7.4,49.1,46,41,37.4,31.3,NA,1,1,0,1,NA,chlorotic,2018
Smithers,SM,3,SBSmc2,0.887166667,2,34,1,Fdi,B,6.2,28.8,27.2,22.2,20.3,16.2,NA,1,1,0,1,NA,chlorotic,2018
Smithers,SM,3,SBSmc2,0.887166667,2,34,2,Lw,A,5.3,9.5,7.4,3.9,13.5,11.7,NA,1,0,0,2,NA,little recovery from dead top,2018
Smithers,SM,3,SBSmc2,0.887166667,2,34,2,Lw,B,14.4,95.5,67.2,44.9,20,16.1,NA,0,0,0,1,NA,"- 2016 ht changed from 28.5 to 56cm - fork at top and base, but still has good form",2018
Smithers,SM,3,SBSmc2,0.887166667,2,34,3,Cw,A,NA,NA,NA,31.9,NA,NA,NA,3,NA,NA,NA,NA,"died, post 2016 assessment",2018
Smithers,SM,3,SBSmc2,0.887166667,2,34,3,Cw,B,NA,NA,NA,NA,NA,27.7,NA,3,NA,NA,NA,NA,NA,2018
Smithers,SM,3,SBSmc2,0.887166667,2,34,3,Cw,C,NA,NA,NA,NA,NA,26.8,NA,3,NA,NA,NA,NA,NA,2018
Smithers,SM,3,SBSmc2,0.887166667,2,35,1,Fdi,B,7.2,37.7,33,25.9,22.9,19.5,NA,1,1,0,1,NA,chlorotic,2018
Smithers,SM,3,SBSmc2,0.887166667,2,35,1,Fdi,A,NA,NA,NA,NA,NA,26.5,NA,3,NA,NA,NA,NA,NA,2018
Smithers,SM,3,SBSmc2,0.887166667,2,35,1,Fdi,C,14.8,42,33.4,24.3,22.6,18,NA,0,1,0,2,NA,shrubby top,2018
Smithers,SM,3,SBSmc2,0.887166667,2,35,2,Lw,B,9.5,69.2,53.5,29.2,24.5,15.8,NA,0,0,0,1,NA,- 2016 ht changed from 9.8 to 29.2 cm - fork at bottom but good form,2018
Smithers,SM,3,SBSmc2,0.887166667,2,35,2,Lw,A,15,76.4,57.8,22.6,20.6,18.8,NA,0,0,0,0,NA,NA,2018
Smithers,SM,3,SBSmc2,0.887166667,2,35,3,Cw,C,NA,NA,NA,NA,NA,28.5,NA,3,NA,NA,NA,NA,NA,2018
Smithers,SM,3,SBSmc2,0.887166667,2,35,3,Cw,B,NA,NA,NA,NA,NA,24.6,NA,3,NA,NA,NA,NA,NA,2018
Smithers,SM,3,SBSmc2,0.887166667,2,35,3,Cw,A,5.4,7.3,NA,30.6,NA,NA,NA,1,0,0,2,NA,"dead top, remaining foliage green",2018
Smithers,SM,3,SBSmc2,0.887166667,2,36,1,Fdi,A,7.3,36,34,28.4,27.5,22.9,NA,1,1,0,2,NA,chlorotic,2018
Smithers,SM,3,SBSmc2,0.887166667,2,36,1,Fdi,C,NA,NA,NA,21.2,17.8,15,NA,3,NA,NA,NA,NA,"dead and missing, post 2016 assessment",2018
Smithers,SM,3,SBSmc2,0.887166667,2,36,1,Fdi,B,NA,NA,NA,NA,NA,20.2,NA,3,NA,NA,NA,NA,NA,2018
Smithers,SM,3,SBSmc2,0.887166667,2,36,2,Lw,A,NA,NA,NA,NA,NA,25.5,NA,3,NA,NA,NA,NA,NA,2018
Smithers,SM,3,SBSmc2,0.887166667,2,36,2,Lw,B,7.6,35.2,25.4,14.2,19,10.6,NA,0,0,0,1,NA,forked top,2018
Smithers,SM,3,SBSmc2,0.887166667,2,36,3,Cw,C,NA,NA,NA,NA,NA,25.6,NA,3,NA,NA,NA,NA,NA,2018
Smithers,SM,3,SBSmc2,0.887166667,2,36,3,Cw,B,10.3,55.3,NA,29.1,NA,NA,NA,2,0,0,2,2:44,minor green,2018
Smithers,SM,3,SBSmc2,0.887166667,2,36,3,Cw,A,6.6,32.3,NA,39.8,NA,NA,NA,2,0,0,2,NA,root collar msmt changed from 7.4cm in 2014.  some green foliage left,2018
Smithers,SM,3,SBSmc2,0.887166667,2,37,1,Cw,B,NA,NA,NA,NA,NA,25.3,NA,3,NA,NA,NA,NA,NA,2018
Smithers,SM,3,SBSmc2,0.887166667,2,37,1,Cw,A,8.7,34.3,NA,33.6,NA,41.5,NA,2,0,0,2,NA,some remaining green foliage,2018
Smithers,SM,3,SBSmc2,0.887166667,2,37,1,Cw,C,NA,NA,NA,2.8,NA,21,NA,3,NA,NA,NA,NA,"died, post 2016 assessment",2018
Smithers,SM,3,SBSmc2,0.887166667,2,37,2,Fdi,A,NA,NA,NA,NA,NA,39.5,NA,3,NA,NA,NA,NA,NA,2018
Smithers,SM,3,SBSmc2,0.887166667,2,37,2,Fdi,C,NA,NA,NA,NA,NA,14.1,NA,3,NA,NA,NA,NA,NA,2018
Smithers,SM,3,SBSmc2,0.887166667,2,37,2,Fdi,B,NA,NA,NA,NA,NA,22.9,NA,3,NA,NA,NA,NA,NA,2018
Smithers,SM,3,SBSmc2,0.887166667,2,37,3,Lw,B,16.6,85,62,40.3,33.5,31,NA,0,0,0,1,NA,2018 fork,2018
Smithers,SM,3,SBSmc2,0.887166667,2,37,3,Lw,A,5.6,41.5,21.3,5.8,17.8,15.2,NA,0,0,0,0,NA,recovered dead top,2018
Smithers,SM,3,SBSmc2,0.887166667,2,38,1,Fdi,A,8.6,46,43,39,33.9,29.6,NA,0,1,0,1,NA,- 2016 ht changed from 36 to 39 cm - top forked,2018
Smithers,SM,3,SBSmc2,0.887166667,2,38,1,Fdi,B,5.9,31.9,27.3,23.5,18.3,13.6,NA,1,1,0,1,NA,- 2016 ht changed from 22.1 to 23.5 cm,2018
Smithers,SM,3,SBSmc2,0.887166667,2,38,1,Fdi,C,NA,NA,NA,NA,NA,NA,NA,3,NA,NA,NA,NA,NA,2018
Smithers,SM,3,SBSmc2,0.887166667,2,38,2,Lw,A,7.6,39,21.5,13,14.1,11.7,NA,0,0,0,0,NA,- 2016 ht changed from 2.1 to 13 cm - good growth,2018
Smithers,SM,3,SBSmc2,0.887166667,2,38,2,Lw,B,14.7,91.2,67.6,42.8,25.8,16.5,NA,0,0,0,0,NA,- 2016 ht changed from 32.4 to 42.8 cm   - great form,2018
Smithers,SM,3,SBSmc2,0.887166667,2,38,3,Cw,A,4.6,4.7,NA,3.6,NA,20.9,NA,2,0,0,2,NA,dead top,2018
Smithers,SM,3,SBSmc2,0.887166667,2,38,3,Cw,B,NA,NA,NA,24.6,NA,NA,NA,3,NA,NA,NA,NA,"died, post 2016 assessment",2018
Smithers,SM,3,SBSmc2,0.887166667,2,38,3,Cw,C,NA,NA,NA,NA,NA,22,NA,3,NA,NA,NA,NA,NA,2018
Smithers,SM,3,SBSmc2,0.887166667,2,39,1,Fdi,B,7,32.2,29,23.5,20.8,14.7,NA,0,0,0,0,NA,NA,2018
Smithers,SM,3,SBSmc2,0.887166667,2,39,1,Fdi,C,NA,NA,NA,NA,NA,15.9,NA,3,NA,NA,NA,NA,NA,2018
Smithers,SM,3,SBSmc2,0.887166667,2,39,1,Fdi,A,NA,NA,NA,NA,NA,39,NA,3,NA,NA,NA,NA,NA,2018
Smithers,SM,3,SBSmc2,0.887166667,2,39,2,Lw,B,NA,NA,NA,NA,NA,29.7,NA,3,NA,NA,NA,NA,NA,2018
Smithers,SM,3,SBSmc2,0.887166667,2,39,2,Lw,A,NA,NA,NA,NA,NA,14.8,NA,3,NA,NA,NA,NA,NA,2018
Smithers,SM,3,SBSmc2,0.887166667,2,39,3,Cw,C,NA,NA,NA,NA,NA,20.6,NA,3,NA,NA,NA,NA,NA,2018
Smithers,SM,3,SBSmc2,0.887166667,2,39,3,Cw,A,NA,NA,NA,NA,NA,32.3,NA,3,NA,NA,NA,NA,NA,2018
Smithers,SM,3,SBSmc2,0.887166667,2,39,3,Cw,B,NA,NA,NA,2.2,NA,36.1,NA,3,NA,NA,NA,NA,"died, post 2016 assessment",2018
Smithers,SM,3,SBSmc2,0.887166667,2,40,1,Cw,A,NA,NA,NA,NA,NA,29.7,NA,3,NA,NA,NA,NA,NA,2018
Smithers,SM,3,SBSmc2,0.887166667,2,40,1,Cw,B,NA,NA,NA,NA,NA,32.6,NA,3,NA,NA,NA,NA,NA,2018
Smithers,SM,3,SBSmc2,0.887166667,2,40,1,Cw,C,NA,NA,NA,NA,NA,29.5,NA,3,NA,NA,NA,NA,NA,2018
Smithers,SM,3,SBSmc2,0.887166667,2,40,2,Lw,A,6.1,31,19.6,11,15.4,12.4,NA,0,0,0,0,NA,- 2016 ht changed from 2.3 to 11 cm - recovering,2018
Smithers,SM,3,SBSmc2,0.887166667,2,40,2,Lw,B,11.1,49.4,41.8,27.8,25.2,18.1,NA,0,0,0,1,NA,- 2016 ht changed from 5.3 to 27.8 cm - recovering but forked,2018
Smithers,SM,3,SBSmc2,0.887166667,2,40,3,Fdi,B,NA,NA,NA,NA,NA,19.7,NA,3,NA,NA,NA,NA,NA,2018
Smithers,SM,3,SBSmc2,0.887166667,2,40,3,Fdi,A,10.4,53.8,51.3,43.9,42.7,37,NA,1,0,0,1,NA,chlorotic,2018
Smithers,SM,3,SBSmc2,0.887166667,2,40,3,Fdi,C,NA,NA,NA,NA,NA,18.5,NA,3,NA,NA,NA,NA,NA,2018
Smithers,M,4,SBSmc2,0.93625,3,41,1,Cw,B,7.8,45.5,NA,36.4,NA,NA,NA,1,0,NA,2,9:41,broken stem,2018
Smithers,M,4,SBSmc2,0.93625,3,41,1,Cw,A,11.9,65,NA,42.2,NA,NA,NA,0,0,NA,0,9:41,good growth,2018
Smithers,M,4,SBSmc2,0.93625,3,41,1,Cw,C,8.3,23.6,NA,32.5,NA,NA,NA,1,0,NA,2,NA,"horizontal form, top dead, lateral measured",2018
Smithers,M,4,SBSmc2,0.93625,3,41,2,Lw,A,NA,NA,NA,NA,NA,16,NA,3,NA,NA,NA,NA,NA,2018
Smithers,M,4,SBSmc2,0.93625,3,41,2,Lw,B,NA,NA,NA,NA,NA,27.9,NA,3,NA,NA,NA,NA,NA,2018
Smithers,M,4,SBSmc2,0.93625,3,41,3,Fdi,C,NA,NA,NA,NA,NA,23.7,NA,3,NA,NA,NA,NA,NA,2018
Smithers,M,4,SBSmc2,0.93625,3,41,3,Fdi,A,14.8,73.3,60.7,47.3,43.2,38,NA,0,1,0,1,9:43,"photo: plot 41, Fd A and plot 50, Fd B (foreground)",2018
Smithers,M,4,SBSmc2,0.93625,3,41,3,Fdi,B,NA,NA,NA,NA,NA,22.2,NA,3,NA,NA,NA,NA,NA,2018
Smithers,M,4,SBSmc2,0.93625,3,42,1,Lw,A,7.2,32.5,18,13.7,10.5,9.2,NA,1,1,0,1,NA,broken stem (old),2018
Smithers,M,4,SBSmc2,0.93625,3,42,1,Lw,B,16.7,109.4,79.4,40.2,31.4,27.2,NA,0,0,0,0,9:55,very healthy,2018
Smithers,M,4,SBSmc2,0.93625,3,42,2,Fdi,A,NA,NA,NA,NA,NA,41.4,NA,3,NA,NA,NA,NA,NA,2018
Smithers,M,4,SBSmc2,0.93625,3,42,2,Fdi,C,NA,NA,NA,NA,NA,19.7,NA,3,NA,NA,NA,NA,NA,2018
Smithers,M,4,SBSmc2,0.93625,3,42,2,Fdi,B,7.7,41.3,34.6,24.8,21,18.6,NA,0,1,0,1,NA,NA,2018
Smithers,M,4,SBSmc2,0.93625,3,42,3,Cw,B,3.5,30.4,NA,26.9,NA,NA,NA,1,0,0,2,NA,"leaning, struggling",2018
Smithers,M,4,SBSmc2,0.93625,3,42,3,Cw,A,NA,NA,NA,40.2,NA,NA,NA,3,NA,NA,NA,NA,"died, post 2016 assessment",2018
Smithers,M,4,SBSmc2,0.93625,3,42,3,Cw,C,NA,NA,NA,24.5,NA,NA,NA,3,NA,NA,NA,NA,"died, post 2016 assessment",2018
Smithers,M,4,SBSmc2,0.93625,3,43,1,Fdi,B,8.3,31,18.4,9.6,8,25.7,NA,0,1,0,2,NA,NA,2018
Smithers,M,4,SBSmc2,0.93625,3,43,1,Fdi,C,12,40.1,33.2,28.9,21.4,15.5,NA,0,1,0,2,NA,forked top,2018
Smithers,M,4,SBSmc2,0.93625,3,43,1,Fdi,A,NA,NA,NA,NA,NA,38.2,NA,3,NA,NA,NA,NA,NA,2018
Smithers,M,4,SBSmc2,0.93625,3,43,2,Cw,C,8.5,29,NA,20,NA,NA,NA,2,0,0,2,NA,"dead top, not much of tree alive",2018
Smithers,M,4,SBSmc2,0.93625,3,43,2,Cw,A,5.2,34.6,NA,40,NA,NA,NA,0,0,0,1,NA,2016 root collar msmt (6.7mm) was in error    - leaning tree,2018
Smithers,M,4,SBSmc2,0.93625,3,43,2,Cw,B,9,41.5,NA,30.6,NA,NA,NA,0,0,0,1,NA,forked top,2018
Smithers,M,4,SBSmc2,0.93625,3,43,3,Lw,A,4.8,35.2,21.6,10.5,NA,24.9,NA,0,1,0,1,NA,recovering,2018
Smithers,M,4,SBSmc2,0.93625,3,43,3,Lw,B,10,79.8,58.1,30.8,26.5,26.2,NA,0,0,0,0,NA,NA,2018
Smithers,M,4,SBSmc2,0.93625,3,44,1,Lw,A,NA,NA,NA,NA,NA,22.5,NA,3,NA,NA,NA,NA,NA,2018
Smithers,M,4,SBSmc2,0.93625,3,44,1,Lw,B,NA,NA,NA,NA,NA,26.2,NA,3,NA,NA,NA,NA,NA,2018
Smithers,M,4,SBSmc2,0.93625,3,44,2,Cw,B,NA,NA,NA,32.5,NA,NA,NA,3,NA,NA,NA,NA,"died, post 2016 assessment",2018
Smithers,M,4,SBSmc2,0.93625,3,44,2,Cw,C,NA,NA,NA,NA,NA,29.5,NA,3,NA,NA,NA,NA,NA,2018
Smithers,M,4,SBSmc2,0.93625,3,44,2,Cw,A,NA,NA,NA,NA,NA,35.5,NA,3,NA,NA,NA,NA,NA,2018
Smithers,M,4,SBSmc2,0.93625,3,44,3,Fdi,A,NA,NA,NA,NA,NA,32.7,NA,3,NA,NA,NA,NA,NA,2018
Smithers,M,4,SBSmc2,0.93625,3,44,3,Fdi,B,5.8,23,22,18.3,13.4,27,NA,2,1,0,2,NA,"dead main stem, lateral recovering",2018
Smithers,M,4,SBSmc2,0.93625,3,44,3,Fdi,C,NA,NA,NA,NA,NA,20.2,NA,3,NA,NA,NA,NA,NA,2018
Smithers,M,4,SBSmc2,0.93625,3,45,1,Cw,A,NA,NA,NA,NA,NA,25.9,NA,3,NA,NA,NA,NA,NA,2018
Smithers,M,4,SBSmc2,0.93625,3,45,1,Cw,B,7,32.5,NA,NA,NA,27.6,NA,2,0,0,1,NA,foliage barely green,2018
Smithers,M,4,SBSmc2,0.93625,3,45,1,Cw,C,4.9,22.5,NA,NA,NA,19.2,NA,2,0,0,2,NA,NA,2018
Smithers,M,4,SBSmc2,0.93625,3,45,2,Lw,B,10.8,65.7,36.5,27.7,36.8,24.5,NA,0,1,0,1,NA,good recovery from dead top,2018
Smithers,M,4,SBSmc2,0.93625,3,45,2,Lw,A,NA,NA,NA,NA,NA,12.7,NA,3,NA,NA,NA,NA,NA,2018
Smithers,M,4,SBSmc2,0.93625,3,45,3,Fdi,A,NA,NA,NA,NA,NA,35.1,NA,3,NA,NA,NA,NA,NA,2018
Smithers,M,4,SBSmc2,0.93625,3,45,3,Fdi,B,NA,NA,NA,NA,NA,26.5,NA,3,NA,NA,NA,NA,NA,2018
Smithers,M,4,SBSmc2,0.93625,3,45,3,Fdi,C,6,31.8,26.7,13.5,20.2,18.2,NA,0,1,0,1,NA,NA,2018
Smithers,M,4,SBSmc2,0.93625,3,46,1,Fdi,B,8.8,42.2,39.7,29.6,26.2,21.2,NA,0,0,0,0,NA,NA,2018
Smithers,M,4,SBSmc2,0.93625,3,46,1,Fdi,A,NA,NA,NA,NA,NA,37.5,NA,3,NA,NA,NA,NA,NA,2018
Smithers,M,4,SBSmc2,0.93625,3,46,1,Fdi,C,4.3,23,20,18.5,16.6,13.5,NA,1,1,1,1,NA,NA,2018
Smithers,M,4,SBSmc2,0.93625,3,46,2,Cw,A,10.1,63.2,NA,NA,NA,43,NA,0,0,0,0,NA,good growth,2018
Smithers,M,4,SBSmc2,0.93625,3,46,2,Cw,C,8.8,21.2,NA,NA,NA,33.2,NA,2,0,0,2,NA,"dead top, lat measured",2018
Smithers,M,4,SBSmc2,0.93625,3,46,2,Cw,B,NA,NA,NA,NA,NA,29.4,NA,3,NA,NA,NA,NA,"died, post 2016 assessment",2018
Smithers,M,4,SBSmc2,0.93625,3,46,3,Lw,B,NA,NA,NA,NA,NA,16.9,NA,3,NA,NA,NA,NA,NA,2018
Smithers,M,4,SBSmc2,0.93625,3,46,3,Lw,A,NA,NA,NA,NA,NA,20.3,NA,3,NA,NA,NA,NA,NA,2018
Smithers,M,4,SBSmc2,0.93625,3,47,1,Fdi,A,NA,NA,NA,NA,NA,26.4,NA,3,NA,NA,NA,NA,NA,2018
Smithers,M,4,SBSmc2,0.93625,3,47,1,Fdi,C,NA,NA,NA,13.6,11.5,20.4,NA,3,NA,NA,NA,NA,"died, post 2016 assessment",2018
Smithers,M,4,SBSmc2,0.93625,3,47,1,Fdi,B,NA,NA,NA,NA,NA,24.1,NA,3,NA,NA,NA,NA,NA,2018
Smithers,M,4,SBSmc2,0.93625,3,47,2,Lw,A,NA,NA,NA,NA,NA,15.6,NA,3,NA,NA,NA,NA,NA,2018
Smithers,M,4,SBSmc2,0.93625,3,47,2,Lw,B,5.7,44.5,31.5,19.6,15.7,10.5,NA,0,1,0,2,NA,NA,2018
Smithers,M,4,SBSmc2,0.93625,3,47,3,Cw,B,NA,NA,NA,NA,NA,25.7,NA,3,NA,NA,NA,NA,"died, post 2016 assessment",2018
Smithers,M,4,SBSmc2,0.93625,3,47,3,Cw,C,5.6,29.6,NA,NA,NA,24.4,NA,0,0,0,1,NA,"green foliage, under leaning pine",2018
Smithers,M,4,SBSmc2,0.93625,3,47,3,Cw,A,5.1,19.8,NA,NA,NA,25.6,NA,2,0,0,2,NA,"2016 root collar msmt (5.5mm) was in error.  Dead top, 1 lateral alive, under leaning pine",2018
Smithers,M,4,SBSmc2,0.93625,3,48,1,Cw,A,NA,NA,NA,NA,NA,22.7,NA,3,NA,NA,NA,NA,"died, post 2016 assessment",2018
Smithers,M,4,SBSmc2,0.93625,3,48,1,Cw,B,6.4,32.1,NA,NA,NA,27.4,NA,0,0,0,1,NA,fairly green,2018
Smithers,M,4,SBSmc2,0.93625,3,48,1,Cw,C,NA,NA,NA,NA,NA,28.2,NA,3,NA,NA,NA,NA,NA,2018
Smithers,M,4,SBSmc2,0.93625,3,48,2,Fdi,C,NA,NA,NA,NA,NA,16.4,NA,3,NA,NA,NA,NA,NA,2018
Smithers,M,4,SBSmc2,0.93625,3,48,2,Fdi,B,6.1,26,22.7,14.3,11.1,21,NA,1,1,1,0,NA,NA,2018
Smithers,M,4,SBSmc2,0.93625,3,48,2,Fdi,A,NA,NA,NA,NA,NA,25.3,NA,3,NA,NA,NA,NA,NA,2018
Smithers,M,4,SBSmc2,0.93625,3,48,3,Lw,B,NA,NA,NA,NA,NA,25.9,NA,3,NA,NA,NA,NA,NA,2018
Smithers,M,4,SBSmc2,0.93625,3,48,3,Lw,A,NA,NA,NA,NA,NA,NA,NA,3,NA,NA,NA,NA,"died, post 2016 assessment",2018
Smithers,M,4,SBSmc2,0.93625,3,49,1,Lw,B,NA,NA,NA,NA,NA,NA,NA,3,NA,NA,NA,NA,"died, post 2016 assessment",2018
Smithers,M,4,SBSmc2,0.93625,3,49,1,Lw,A,3.7,22,16.8,13.6,10.5,NA,NA,2,2,0,2,NA,2016 root collar msmt (4.1mm) was in error.,2018
Smithers,M,4,SBSmc2,0.93625,3,49,2,Cw,C,NA,NA,NA,NA,NA,9.3,NA,3,NA,NA,NA,NA,NA,2018
Smithers,M,4,SBSmc2,0.93625,3,49,2,Cw,B,NA,NA,NA,NA,NA,21.6,NA,3,NA,NA,NA,NA,NA,2018
Smithers,M,4,SBSmc2,0.93625,3,49,2,Cw,A,NA,NA,NA,NA,NA,29.9,NA,3,NA,NA,NA,NA,"died, post 2016 assessment",2018
Smithers,M,4,SBSmc2,0.93625,3,49,3,Fdi,B,NA,NA,NA,18.5,14.3,25.5,NA,3,NA,NA,NA,NA,"died, post 2016 assessment",2018
Smithers,M,4,SBSmc2,0.93625,3,49,3,Fdi,A,NA,NA,NA,NA,NA,32.4,NA,3,NA,NA,NA,NA,NA,2018
Smithers,M,4,SBSmc2,0.93625,3,49,3,Fdi,C,NA,NA,NA,NA,NA,23.5,NA,3,NA,NA,NA,NA,NA,2018
Smithers,M,4,SBSmc2,0.93625,3,50,1,Fdi,B,16.3,65.1,42,3.7,22.6,20.5,NA,0,1,0,2,9:43,"photo: plot 50 Fd B (plot 41, Fd A (background).  Healthy tree",2018
Smithers,M,4,SBSmc2,0.93625,3,50,1,Fdi,C,NA,NA,NA,15.6,13.7,9.5,NA,3,NA,NA,NA,NA,"died, post 2016 assessment",2018
Smithers,M,4,SBSmc2,0.93625,3,50,1,Fdi,A,12.6,58.7,46.9,33.2,34.4,26.5,NA,0,1,0,0,NA,NA,2018
Smithers,M,4,SBSmc2,0.93625,3,50,2,Lw,A,13.3,86.5,51,24.5,19.2,14.7,NA,0,0,0,0,9:47,NA,2018
Smithers,M,4,SBSmc2,0.93625,3,50,2,Lw,B,NA,NA,NA,NA,NA,NA,NA,3,NA,NA,NA,NA,NA,2018
Smithers,M,4,SBSmc2,0.93625,3,50,3,Cw,A,13,57.8,NA,NA,NA,39.9,NA,2,0,0,0,9:47,"orange, just top alive",2018
Smithers,M,4,SBSmc2,0.93625,3,50,3,Cw,B,8.7,52,NA,NA,NA,36.6,NA,0,0,0,1,9:47,NA,2018
Smithers,M,4,SBSmc2,0.93625,3,50,3,Cw,C,6.3,31.5,NA,NA,NA,21.1,NA,0,0,0,1,NA,NA,2018
Smithers,M,4,SBSmc2,0.93625,3,51,1,Cw,B,9.4,50.7,NA,NA,NA,36.2,NA,0,0,0,0,NA,NA,2018
Smithers,M,4,SBSmc2,0.93625,3,51,1,Cw,C,7.2,43.4,NA,NA,NA,26.2,NA,0,0,0,1,NA,forked,2018
Smithers,M,4,SBSmc2,0.93625,3,51,1,Cw,A,10.2,31.6,NA,NA,NA,22.6,NA,0,0,0,2,NA,NA,2018
Smithers,M,4,SBSmc2,0.93625,3,51,2,Fdi,C,10.4,48,36.2,20.5,17.8,11.5,NA,0,1,0,1,NA,NA,2018
Smithers,M,4,SBSmc2,0.93625,3,51,2,Fdi,B,9.3,54.2,49.5,35.7,31.2,21.5,NA,0,0,0,0,NA,NA,2018
Smithers,M,4,SBSmc2,0.93625,3,51,2,Fdi,A,9.2,41,28,13.3,NA,39.1,NA,0,1,0,1,NA,dead top still there,2018
Smithers,M,4,SBSmc2,0.93625,3,51,3,Lw,A,6.7,51.7,37.6,22.7,19.8,18.1,NA,0,0,0,1,NA,NA,2018
Smithers,M,4,SBSmc2,0.93625,3,51,3,Lw,B,25,160.2,82.7,47.9,43.3,28.5,NA,0,0,0,1,10:39,huge and healthy,2018
Smithers,M,4,SBSmc2,0.93625,3,52,1,Cw,C,NA,NA,NA,NA,NA,17.5,NA,3,NA,NA,NA,NA,NA,2018
Smithers,M,4,SBSmc2,0.93625,3,52,1,Cw,A,NA,NA,NA,NA,NA,24.6,NA,3,NA,NA,NA,NA,NA,2018
Smithers,M,4,SBSmc2,0.93625,3,52,1,Cw,B,NA,NA,NA,9.7,NA,22.5,NA,3,NA,NA,NA,NA,"died, post 2016 assessment",2018
Smithers,M,4,SBSmc2,0.93625,3,52,2,Fdi,C,9.1,40.5,27.8,10.9,NA,NA,NA,0,1,0,1,NA,forked but recovering,2018
Smithers,M,4,SBSmc2,0.93625,3,52,2,Fdi,A,9.2,50.2,41.3,27.5,35.4,22.7,NA,0,1,0,2,NA,crook and fork but recovering,2018
Smithers,M,4,SBSmc2,0.93625,3,52,2,Fdi,B,NA,NA,NA,NA,NA,27.2,NA,3,NA,NA,NA,NA,NA,2018
Smithers,M,4,SBSmc2,0.93625,3,52,3,Lw,B,NA,NA,NA,NA,NA,25.2,NA,3,NA,NA,NA,NA,NA,2018
Smithers,M,4,SBSmc2,0.93625,3,52,3,Lw,A,NA,NA,NA,NA,NA,16.2,NA,3,NA,NA,NA,NA,NA,2018
Smithers,M,4,SBSmc2,0.93625,3,53,1,Cw,B,NA,NA,NA,NA,NA,27.1,NA,3,NA,NA,NA,NA,NA,2018
Smithers,M,4,SBSmc2,0.93625,3,53,1,Cw,C,NA,NA,NA,NA,NA,28.4,NA,3,NA,NA,NA,NA,"died, post 2016 assessment",2018
Smithers,M,4,SBSmc2,0.93625,3,53,1,Cw,A,8.1,33.3,NA,NA,NA,31.7,NA,2,0,0,2,NA,barely green,2018
Smithers,M,4,SBSmc2,0.93625,3,53,2,Lw,B,NA,NA,NA,NA,NA,3,NA,3,NA,NA,NA,NA,"died, post 2016 assessment",2018
Smithers,M,4,SBSmc2,0.93625,3,53,2,Lw,A,5,29.8,21.8,12.8,10.6,9.8,NA,1,2,0,2,NA,NA,2018
Smithers,M,4,SBSmc2,0.93625,3,53,3,Fdi,B,9.1,38.2,26,22.4,15.7,10.4,NA,0,1,0,1,NA,alive and healthy� previously listed as missing,2018
Smithers,M,4,SBSmc2,0.93625,3,53,3,Fdi,A,6.8,21.5,16.5,10.2,39.1,30.7,NA,1,1,0,2,NA,NA,2018
Smithers,M,4,SBSmc2,0.93625,3,53,3,Fdi,C,NA,NA,NA,NA,NA,15.2,NA,3,NA,NA,NA,NA,NA,2018
Smithers,M,4,SBSmc2,0.93625,3,54,1,Lw,A,NA,NA,NA,NA,NA,18.5,NA,3,NA,NA,NA,NA,NA,2018
Smithers,M,4,SBSmc2,0.93625,3,54,1,Lw,B,15.5,96,77.8,33.4,30.1,21.2,NA,0,0,0,1,NA,2018 fork,2018
Smithers,M,4,SBSmc2,0.93625,3,54,2,Cw,A,6.5,36,NA,NA,NA,34.3,NA,0,0,0,0,NA,NA,2018
Smithers,M,4,SBSmc2,0.93625,3,54,2,Cw,B,NA,NA,NA,NA,NA,27.8,NA,3,NA,NA,NA,NA,NA,2018
Smithers,M,4,SBSmc2,0.93625,3,54,2,Cw,C,4.7,21.8,NA,NA,NA,25.3,NA,2,0,0,2,NA,2016 root collar msmt (5.0mm) was in error.,2018
Smithers,M,4,SBSmc2,0.93625,3,54,3,Fdi,C,4.3,8.6,5.3,11.5,21.5,16.3,NA,2,2,0,2,NA,2016 root collar msmt (5.1mm) was in error.,2018
Smithers,M,4,SBSmc2,0.93625,3,54,3,Fdi,A,NA,NA,NA,NA,NA,NA,NA,3,NA,NA,NA,NA,NA,2018
Smithers,M,4,SBSmc2,0.93625,3,54,3,Fdi,B,6.7,27.7,20.8,13.6,8.9,25.3,NA,0,1,0,2,NA,NA,2018
Smithers,M,4,SBSmc2,0.93625,3,55,1,Lw,B,NA,NA,NA,NA,NA,26.5,NA,3,NA,NA,NA,NA,NA,2018
Smithers,M,4,SBSmc2,0.93625,3,55,1,Lw,A,NA,NA,NA,NA,NA,25.6,NA,3,NA,NA,NA,NA,NA,2018
Smithers,M,4,SBSmc2,0.93625,3,55,2,Cw,B,3.4,11.7,NA,11.6,NA,23.2,NA,2,0,0,2,NA,2016 root collar msmt (3.6mm) was in error.  Laterals alive,2018
Smithers,M,4,SBSmc2,0.93625,3,55,2,Cw,C,8.8,30.5,NA,12.2,NA,NA,NA,0,0,2,2,NA,NA,2018
Smithers,M,4,SBSmc2,0.93625,3,55,2,Cw,A,NA,NA,NA,NA,NA,22.8,NA,3,NA,NA,NA,NA,NA,2018
Smithers,M,4,SBSmc2,0.93625,3,55,3,Fdi,C,11.5,53.8,47.9,25.6,26.4,19,NA,0,0,0,0,NA,very healthy,2018
Smithers,M,4,SBSmc2,0.93625,3,55,3,Fdi,B,7.7,22.5,17.8,11.1,28,22.8,NA,0,0,0,0,NA,NA,2018
Smithers,M,4,SBSmc2,0.93625,3,55,3,Fdi,A,NA,NA,NA,NA,NA,38.1,NA,3,NA,NA,NA,NA,NA,2018
Smithers,M,4,SBSmc2,0.93625,3,56,1,Lw,A,NA,NA,NA,NA,NA,12.7,NA,3,NA,NA,NA,NA,NA,2018
Smithers,M,4,SBSmc2,0.93625,3,56,1,Lw,B,9.5,64.2,40.5,14.9,34.5,25.9,NA,0,1,0,1,NA,"fork at base, recovering dead top",2018
Smithers,M,4,SBSmc2,0.93625,3,56,2,Fdi,A,NA,NA,NA,NA,NA,43.4,NA,3,NA,NA,NA,NA,NA,2018
Smithers,M,4,SBSmc2,0.93625,3,56,2,Fdi,C,7.1,42.5,35.7,29,22.7,18.5,NA,0,0,0,1,NA,NA,2018
Smithers,M,4,SBSmc2,0.93625,3,56,2,Fdi,B,6.5,24.2,20.8,11.3,20.7,16.2,NA,1,1,0,0,NA,chlorotic,2018
Smithers,M,4,SBSmc2,0.93625,3,56,3,Cw,C,NA,NA,NA,NA,NA,17.2,NA,3,NA,NA,NA,NA,NA,2018
Smithers,M,4,SBSmc2,0.93625,3,56,3,Cw,B,6.4,29.3,NA,13.8,NA,NA,NA,2,0,0,2,NA,"orange foliage, min green",2018
Smithers,M,4,SBSmc2,0.93625,3,56,3,Cw,A,9.7,47.7,NA,33,NA,NA,NA,2,0,0,2,NA,"crispy foliage, 1 fork alive",2018
Smithers,M,4,SBSmc2,0.93625,3,57,1,Fdi,C,NA,NA,NA,11.9,17.2,12.4,NA,3,NA,NA,NA,NA,"died, post 2016 assessment",2018
Smithers,M,4,SBSmc2,0.93625,3,57,1,Fdi,B,5.4,26.4,23.1,14.3,27,21.5,NA,1,1,0,1,NA,recovering dead top,2018
Smithers,M,4,SBSmc2,0.93625,3,57,1,Fdi,A,NA,NA,NA,NA,NA,39.9,NA,3,NA,NA,NA,NA,NA,2018
Smithers,M,4,SBSmc2,0.93625,3,57,2,Cw,B,NA,NA,NA,NA,NA,NA,NA,3,NA,NA,NA,NA,high grass competition,2018
Smithers,M,4,SBSmc2,0.93625,3,57,2,Cw,A,NA,NA,NA,12.8,NA,35.7,NA,3,NA,NA,NA,NA,"- died, post 2016 assessment - high grass competition",2018
Smithers,M,4,SBSmc2,0.93625,3,57,2,Cw,C,NA,NA,NA,24.2,NA,NA,NA,3,NA,NA,NA,NA,"- died, post 2016 assessment - high grass competition",2018
Smithers,M,4,SBSmc2,0.93625,3,57,3,Lw,A,5.2,25.5,20,8.2,18.1,16,NA,1,1,0,1,NA,recovering dead top,2018
Smithers,M,4,SBSmc2,0.93625,3,57,3,Lw,B,NA,NA,NA,NA,NA,NA,NA,3,NA,NA,NA,NA,NA,2018
Smithers,M,4,SBSmc2,0.93625,3,58,1,Cw,C,3.2,16.2,NA,13.4,NA,NA,NA,2,0,0,2,NA,2016 root collar msmt (4.1mm) was in error.,2018
Smithers,M,4,SBSmc2,0.93625,3,58,1,Cw,B,10.1,52.6,NA,17.8,NA,NA,NA,0,0,0,1,NA,"green and healthy, though crooked",2018
Smithers,M,4,SBSmc2,0.93625,3,58,1,Cw,A,NA,NA,NA,22.5,NA,NA,NA,3,NA,NA,NA,NA,"died, post 2016 assessment",2018
Smithers,M,4,SBSmc2,0.93625,3,58,2,Lw,B,8.2,55.5,36,30,21.9,13.4,NA,0,0,0,0,NA,alive and healthy� previously listed as missing,2018
Smithers,M,4,SBSmc2,0.93625,3,58,2,Lw,A,10,68,40.8,16.8,20.1,15.8,NA,0,0,0,0,NA,NA,2018
Smithers,M,4,SBSmc2,0.93625,3,58,3,Fdi,C,NA,NA,NA,NA,NA,17.8,NA,3,NA,NA,NA,NA,NA,2018
Smithers,M,4,SBSmc2,0.93625,3,58,3,Fdi,A,NA,NA,NA,NA,NA,37.4,NA,3,NA,NA,NA,NA,NA,2018
Smithers,M,4,SBSmc2,0.93625,3,58,3,Fdi,B,NA,NA,NA,NA,NA,19.6,NA,3,NA,NA,NA,NA,NA,2018
Smithers,M,4,SBSmc2,0.93625,3,59,1,Cw,A,11.6,63.3,NA,49.5,NA,NA,NA,0,0,0,0,NA,big and healthy,2018
Smithers,M,4,SBSmc2,0.93625,3,59,1,Cw,B,NA,NA,NA,36.4,NA,NA,NA,3,NA,NA,NA,NA,"died, post 2016 assessment",2018
Smithers,M,4,SBSmc2,0.93625,3,59,1,Cw,C,NA,NA,NA,NA,NA,21.2,NA,3,NA,NA,NA,NA,NA,2018
Smithers,M,4,SBSmc2,0.93625,3,59,2,Lw,B,6.3,50.1,38.8,3.4,38.5,28.6,NA,0,0,0,1,NA,"- 2016 root collar msmt (6.6mm) was in error. Healthy tree, fork at bottom",2018
Smithers,M,4,SBSmc2,0.93625,3,59,2,Lw,A,NA,NA,NA,NA,NA,NA,NA,3,NA,NA,NA,NA,NA,2018
Smithers,M,4,SBSmc2,0.93625,3,59,3,Fdi,A,6.6,19.2,15.8,20.2,39,33.8,NA,1,1,0,1,NA,dead top again,2018
Smithers,M,4,SBSmc2,0.93625,3,59,3,Fdi,B,7.2,23.8,19.3,6.6,18.4,14.4,NA,0,1,0,2,NA,recovering dead top,2018
Smithers,M,4,SBSmc2,0.93625,3,59,3,Fdi,C,NA,NA,NA,NA,NA,14.4,NA,3,NA,NA,NA,NA,NA,2018
Smithers,M,4,SBSmc2,0.93625,3,60,1,Fdi,B,11.6,67.5,66.3,28.4,23.6,19.2,NA,0,0,0,0,NA,NA,2018
Smithers,M,4,SBSmc2,0.93625,3,60,1,Fdi,C,9.9,40.5,25.9,18.1,16.8,12.6,NA,0,1,0,1,NA,forked,2018
Smithers,M,4,SBSmc2,0.93625,3,60,1,Fdi,A,8.5,33.7,23.2,8.8,34.3,27.7,NA,0,1,0,1,NA,forked,2018
Smithers,M,4,SBSmc2,0.93625,3,60,2,Lw,B,14,92.4,60.2,40.2,39,37.1,NA,0,1,0,1,NA,dead top,2018
Smithers,M,4,SBSmc2,0.93625,3,60,2,Lw,A,3.7,29.8,27.1,15.4,13.2,13.1,NA,2,2,0,2,NA,1 live branch (2018 leader),2018
Smithers,M,4,SBSmc2,0.93625,3,60,3,Cw,A,13.2,71,NA,42.2,NA,NA,NA,0,0,0,0,NA,big and healthy,2018
Smithers,M,4,SBSmc2,0.93625,3,60,3,Cw,C,NA,NA,NA,NA,NA,21.6,NA,3,NA,NA,NA,NA,NA,2018
Smithers,M,4,SBSmc2,0.93625,3,60,3,Cw,B,NA,NA,NA,NA,NA,26,NA,3,NA,NA,NA,NA,NA,2018
Smithers,SH,5,SBSmc2,1,4,61,1,Lw,B,NA,NA,NA,NA,NA,7.1,NA,3,NA,NA,NA,NA,NA,2018
Smithers,SH,5,SBSmc2,1,4,61,1,Lw,A,NA,NA,NA,NA,NA,19.1,NA,3,NA,NA,NA,NA,NA,2018
Smithers,SH,5,SBSmc2,1,4,61,2,Cw,A,NA,NA,NA,NA,NA,NA,NA,3,NA,NA,NA,NA,NA,2018
Smithers,SH,5,SBSmc2,1,4,61,2,Cw,C,NA,NA,NA,NA,NA,NA,NA,3,NA,NA,NA,NA,NA,2018
Smithers,SH,5,SBSmc2,1,4,61,2,Cw,B,NA,NA,NA,NA,NA,29.6,NA,3,NA,NA,NA,NA,NA,2018
Smithers,SH,5,SBSmc2,1,4,61,3,Fdi,C,NA,NA,NA,NA,NA,NA,NA,3,NA,NA,NA,NA,NA,2018
Smithers,SH,5,SBSmc2,1,4,61,3,Fdi,A,NA,NA,NA,NA,NA,31.2,NA,3,NA,NA,NA,NA,NA,2018
Smithers,SH,5,SBSmc2,1,4,61,3,Fdi,B,NA,NA,NA,NA,NA,15.3,NA,3,NA,NA,NA,NA,NA,2018
Smithers,SH,5,SBSmc2,1,4,62,1,Cw,B,5.7,23.1,NA,30.2,NA,NA,NA,1,0,0,1,3:15,dead top,2018
Smithers,SH,5,SBSmc2,1,4,62,1,Cw,A,NA,NA,NA,NA,NA,32.8,NA,3,NA,NA,NA,NA,NA,2018
Smithers,SH,5,SBSmc2,1,4,62,1,Cw,C,NA,NA,NA,NA,NA,23.3,NA,3,NA,NA,NA,NA,NA,2018
Smithers,SH,5,SBSmc2,1,4,62,2,Lw,B,NA,NA,NA,NA,NA,33.5,NA,3,NA,NA,NA,NA,NA,2018
Smithers,SH,5,SBSmc2,1,4,62,2,Lw,A,NA,NA,NA,NA,NA,28,NA,3,NA,NA,NA,NA,NA,2018
Smithers,SH,5,SBSmc2,1,4,62,3,Fdi,A,NA,NA,NA,NA,NA,36.6,NA,3,NA,NA,NA,NA,NA,2018
Smithers,SH,5,SBSmc2,1,4,62,3,Fdi,B,NA,NA,NA,NA,NA,17.7,NA,3,NA,NA,NA,NA,NA,2018
Smithers,SH,5,SBSmc2,1,4,62,3,Fdi,C,NA,NA,NA,NA,NA,10.6,NA,3,NA,NA,NA,NA,NA,2018
Smithers,SH,5,SBSmc2,1,4,63,1,Fdi,C,NA,NA,NA,NA,NA,21.7,NA,3,NA,NA,NA,NA,NA,2018
Smithers,SH,5,SBSmc2,1,4,63,1,Fdi,B,NA,NA,NA,NA,NA,20.2,NA,3,NA,NA,NA,NA,NA,2018
Smithers,SH,5,SBSmc2,1,4,63,1,Fdi,A,NA,NA,NA,NA,NA,43.4,NA,3,NA,NA,NA,NA,NA,2018
Smithers,SH,5,SBSmc2,1,4,63,2,Cw,B,NA,NA,NA,NA,NA,33.8,NA,3,NA,NA,NA,NA,NA,2018
Smithers,SH,5,SBSmc2,1,4,63,2,Cw,A,NA,NA,NA,24.9,NA,NA,NA,3,NA,NA,NA,NA,"died, post 2016 assessment",2018
Smithers,SH,5,SBSmc2,1,4,63,2,Cw,C,NA,NA,NA,NA,NA,19.9,NA,3,NA,NA,NA,NA,NA,2018
Smithers,SH,5,SBSmc2,1,4,63,3,Lw,B,6.1,38,24.6,11.8,7.3,7.3,NA,0,1,0,1,3:16,NA,2018
Smithers,SH,5,SBSmc2,1,4,63,3,Lw,A,NA,NA,NA,5.5,NA,18.1,NA,3,NA,NA,NA,NA,"died, post 2016 assessment",2018
Smithers,SH,5,SBSmc2,1,4,64,1,Cw,A,4.9,8.6,NA,31.5,NA,NA,NA,2,0,0,2,NA,- 2016 root collar msmt (5.4mm) was in error     - dead top,2018
Smithers,SH,5,SBSmc2,1,4,64,1,Cw,B,NA,NA,NA,NA,NA,32.5,NA,3,NA,NA,NA,NA,NA,2018
Smithers,SH,5,SBSmc2,1,4,64,1,Cw,C,NA,NA,NA,NA,NA,22.8,NA,3,NA,NA,NA,NA,NA,2018
Smithers,SH,5,SBSmc2,1,4,64,2,Lw,A,7.3,27.7,19.5,14,12.1,19.7,NA,0,1,0,1,NA,2016 ht changed from 15.6cm to 14cm,2018
Smithers,SH,5,SBSmc2,1,4,64,2,Lw,B,NA,NA,NA,NA,NA,27.8,NA,3,NA,NA,NA,NA,NA,2018
Smithers,SH,5,SBSmc2,1,4,64,3,Fdi,C,4.2,9.6,7.8,6.3,NA,17.6,NA,0,0,0,0,NA,2016 ht changed from 2.5cm to 6.3cm,2018
Smithers,SH,5,SBSmc2,1,4,64,3,Fdi,B,NA,NA,NA,NA,NA,13.7,NA,3,NA,NA,NA,NA,NA,2018
Smithers,SH,5,SBSmc2,1,4,64,3,Fdi,A,NA,NA,NA,NA,NA,27.8,NA,3,NA,NA,NA,NA,NA,2018
Smithers,SH,5,SBSmc2,1,4,65,1,Lw,A,NA,NA,NA,NA,NA,19.3,NA,3,NA,NA,NA,NA,NA,2018
Smithers,SH,5,SBSmc2,1,4,65,1,Lw,B,NA,NA,NA,NA,NA,NA,NA,3,NA,NA,NA,NA,NA,2018
Smithers,SH,5,SBSmc2,1,4,65,2,Fdi,A,NA,NA,NA,NA,NA,24.7,NA,3,NA,NA,NA,NA,NA,2018
Smithers,SH,5,SBSmc2,1,4,65,2,Fdi,B,NA,NA,NA,NA,NA,19.1,NA,3,NA,NA,NA,NA,NA,2018
Smithers,SH,5,SBSmc2,1,4,65,2,Fdi,C,NA,NA,NA,NA,NA,NA,NA,3,NA,NA,NA,NA,NA,2018
Smithers,SH,5,SBSmc2,1,4,65,3,Cw,C,NA,NA,NA,NA,NA,25,NA,3,NA,NA,NA,NA,NA,2018
Smithers,SH,5,SBSmc2,1,4,65,3,Cw,A,NA,NA,NA,NA,NA,32.5,NA,3,NA,NA,NA,NA,NA,2018
Smithers,SH,5,SBSmc2,1,4,65,3,Cw,B,NA,NA,NA,NA,NA,26.6,NA,3,NA,NA,NA,NA,NA,2018
Smithers,SH,5,SBSmc2,1,4,66,1,Cw,A,5.3,14.8,NA,20.2,NA,31.1,NA,2,0,0,2,NA,dead top,2018
Smithers,SH,5,SBSmc2,1,4,66,1,Cw,B,NA,NA,NA,NA,NA,22.7,NA,3,NA,NA,NA,NA,NA,2018
Smithers,SH,5,SBSmc2,1,4,66,1,Cw,C,NA,NA,NA,NA,NA,29,NA,3,NA,NA,NA,NA,NA,2018
Smithers,SH,5,SBSmc2,1,4,66,2,Fdi,C,NA,NA,NA,NA,NA,13.7,NA,3,NA,NA,NA,NA,NA,2018
Smithers,SH,5,SBSmc2,1,4,66,2,Fdi,A,NA,NA,NA,NA,NA,33.7,NA,3,NA,NA,NA,NA,NA,2018
Smithers,SH,5,SBSmc2,1,4,66,2,Fdi,B,NA,NA,NA,NA,NA,28,NA,3,NA,NA,NA,NA,NA,2018
Smithers,SH,5,SBSmc2,1,4,66,3,Lw,B,NA,NA,NA,NA,NA,28.5,NA,3,NA,NA,NA,NA,NA,2018
Smithers,SH,5,SBSmc2,1,4,66,3,Lw,A,NA,NA,NA,NA,NA,NA,NA,3,NA,NA,NA,NA,NA,2018
Smithers,SH,5,SBSmc2,1,4,67,1,Cw,A,NA,NA,NA,21.2,NA,28.5,NA,3,NA,NA,NA,NA,"died, post 2016 assessment",2018
Smithers,SH,5,SBSmc2,1,4,67,1,Cw,B,NA,NA,NA,NA,NA,27.4,NA,3,NA,NA,NA,NA,NA,2018
Smithers,SH,5,SBSmc2,1,4,67,1,Cw,C,NA,NA,NA,NA,NA,27.9,NA,3,NA,NA,NA,NA,NA,2018
Smithers,SH,5,SBSmc2,1,4,67,2,Fdi,A,NA,NA,NA,NA,NA,32,NA,3,NA,NA,NA,NA,NA,2018
Smithers,SH,5,SBSmc2,1,4,67,2,Fdi,B,NA,NA,NA,NA,NA,16,NA,3,NA,NA,NA,NA,NA,2018
Smithers,SH,5,SBSmc2,1,4,67,2,Fdi,C,NA,NA,NA,NA,NA,NA,NA,3,NA,NA,NA,NA,NA,2018
Smithers,SH,5,SBSmc2,1,4,67,3,Lw,A,NA,NA,NA,NA,NA,18.5,NA,3,NA,NA,NA,NA,NA,2018
Smithers,SH,5,SBSmc2,1,4,67,3,Lw,B,NA,NA,NA,NA,NA,NA,NA,3,NA,NA,NA,NA,NA,2018
Smithers,SH,5,SBSmc2,1,4,68,1,Lw,B,NA,NA,NA,NA,NA,NA,NA,3,NA,NA,NA,NA,NA,2018
Smithers,SH,5,SBSmc2,1,4,68,1,Lw,A,2.5,13.7,11.8,5.6,NA,8.5,NA,1,0,0,2,NA,NA,2018
Smithers,SH,5,SBSmc2,1,4,68,2,Fdi,A,NA,NA,NA,NA,NA,35.2,NA,3,NA,NA,NA,NA,NA,2018
Smithers,SH,5,SBSmc2,1,4,68,2,Fdi,B,NA,NA,NA,NA,NA,19.5,NA,3,NA,NA,NA,NA,NA,2018
Smithers,SH,5,SBSmc2,1,4,68,2,Fdi,C,NA,NA,NA,NA,NA,16.2,NA,3,NA,NA,NA,NA,NA,2018
Smithers,SH,5,SBSmc2,1,4,68,3,Cw,A,NA,NA,NA,NA,NA,27.8,NA,3,NA,NA,NA,NA,NA,2018
Smithers,SH,5,SBSmc2,1,4,68,3,Cw,C,NA,NA,NA,NA,NA,17.8,NA,3,NA,NA,NA,NA,NA,2018
Smithers,SH,5,SBSmc2,1,4,68,3,Cw,B,NA,NA,NA,NA,NA,33,NA,3,NA,NA,NA,NA,NA,2018
Smithers,SH,5,SBSmc2,1,4,69,1,Fdi,B,NA,NA,NA,NA,NA,20.6,NA,3,NA,NA,NA,NA,NA,2018
Smithers,SH,5,SBSmc2,1,4,69,1,Fdi,A,NA,NA,NA,NA,NA,32.5,NA,3,NA,NA,NA,NA,NA,2018
Smithers,SH,5,SBSmc2,1,4,69,1,Fdi,C,NA,NA,NA,NA,NA,13.4,NA,3,NA,NA,NA,NA,NA,2018
Smithers,SH,5,SBSmc2,1,4,69,2,Lw,A,NA,NA,NA,NA,NA,NA,NA,3,NA,NA,NA,NA,NA,2018
Smithers,SH,5,SBSmc2,1,4,69,2,Lw,B,NA,NA,NA,NA,NA,24.4,NA,3,NA,NA,NA,NA,NA,2018
Smithers,SH,5,SBSmc2,1,4,69,3,Cw,A,NA,NA,NA,6.7,NA,30.8,NA,3,NA,NA,NA,NA,"died, post 2016 assessment",2018
Smithers,SH,5,SBSmc2,1,4,69,3,Cw,C,NA,NA,NA,NA,NA,19.6,NA,3,NA,NA,NA,NA,NA,2018
Smithers,SH,5,SBSmc2,1,4,69,3,Cw,B,NA,NA,NA,NA,NA,32,NA,3,NA,NA,NA,NA,NA,2018
Smithers,SH,5,SBSmc2,1,4,70,1,Cw,A,NA,NA,NA,3.6,NA,39.7,NA,3,NA,NA,NA,NA,"died, post 2016 assessment",2018
Smithers,SH,5,SBSmc2,1,4,70,1,Cw,C,NA,NA,NA,NA,NA,NA,NA,3,NA,NA,NA,NA,NA,2018
Smithers,SH,5,SBSmc2,1,4,70,1,Cw,B,NA,NA,NA,NA,NA,27.6,NA,3,NA,NA,NA,NA,NA,2018
Smithers,SH,5,SBSmc2,1,4,70,2,Lw,B,NA,NA,NA,NA,NA,20.8,NA,3,NA,NA,NA,NA,NA,2018
Smithers,SH,5,SBSmc2,1,4,70,2,Lw,A,NA,NA,NA,NA,NA,17.4,NA,3,NA,NA,NA,NA,NA,2018
Smithers,SH,5,SBSmc2,1,4,70,3,Fdi,C,NA,NA,NA,NA,NA,NA,NA,3,NA,NA,NA,NA,NA,2018
Smithers,SH,5,SBSmc2,1,4,70,3,Fdi,A,NA,NA,NA,NA,NA,28.5,NA,3,NA,NA,NA,NA,NA,2018
Smithers,SH,5,SBSmc2,1,4,70,3,Fdi,B,NA,NA,NA,NA,NA,29.4,NA,3,NA,NA,NA,NA,NA,2018
Smithers,SH,5,SBSmc2,1,4,71,1,Cw,C,NA,NA,NA,NA,NA,22.4,NA,3,NA,NA,NA,NA,NA,2018
Smithers,SH,5,SBSmc2,1,4,71,1,Cw,B,NA,NA,NA,NA,NA,24.5,NA,3,NA,NA,NA,NA,NA,2018
Smithers,SH,5,SBSmc2,1,4,71,1,Cw,A,NA,NA,NA,NA,NA,37.9,NA,3,NA,NA,NA,NA,NA,2018
Smithers,SH,5,SBSmc2,1,4,71,2,Fdi,A,NA,NA,NA,NA,NA,30.6,NA,3,NA,NA,NA,NA,NA,2018
Smithers,SH,5,SBSmc2,1,4,71,2,Fdi,B,NA,NA,NA,NA,NA,18.2,NA,3,NA,NA,NA,NA,NA,2018
Smithers,SH,5,SBSmc2,1,4,71,2,Fdi,C,NA,NA,NA,NA,NA,12.7,NA,3,NA,NA,NA,NA,NA,2018
Smithers,SH,5,SBSmc2,1,4,71,3,Lw,B,NA,NA,NA,NA,NA,24.1,NA,3,NA,NA,NA,NA,NA,2018
Smithers,SH,5,SBSmc2,1,4,71,3,Lw,A,NA,NA,NA,NA,NA,14.5,NA,3,NA,NA,NA,NA,NA,2018
Smithers,SH,5,SBSmc2,1,4,72,1,Lw,B,NA,NA,NA,NA,NA,19.2,NA,3,NA,NA,NA,NA,NA,2018
Smithers,SH,5,SBSmc2,1,4,72,1,Lw,A,NA,NA,NA,NA,NA,20.4,NA,3,NA,NA,NA,NA,NA,2018
Smithers,SH,5,SBSmc2,1,4,72,2,Cw,A,NA,NA,NA,NA,NA,NA,NA,3,NA,NA,NA,NA,NA,2018
Smithers,SH,5,SBSmc2,1,4,72,2,Cw,B,NA,NA,NA,NA,NA,18.3,NA,3,NA,NA,NA,NA,NA,2018
Smithers,SH,5,SBSmc2,1,4,72,2,Cw,C,NA,NA,NA,NA,NA,NA,NA,3,NA,NA,NA,NA,NA,2018
Smithers,SH,5,SBSmc2,1,4,72,3,Fdi,A,NA,NA,NA,NA,NA,23.5,NA,3,NA,NA,NA,NA,NA,2018
Smithers,SH,5,SBSmc2,1,4,72,3,Fdi,C,NA,NA,NA,NA,NA,23.8,NA,3,NA,NA,NA,NA,NA,2018
Smithers,SH,5,SBSmc2,1,4,72,3,Fdi,B,NA,NA,NA,NA,NA,NA,NA,3,NA,NA,NA,NA,NA,2018
Smithers,SH,5,SBSmc2,1,4,73,1,Lw,A,NA,NA,NA,NA,NA,14.2,NA,3,NA,NA,NA,NA,NA,2018
Smithers,SH,5,SBSmc2,1,4,73,1,Lw,B,NA,NA,NA,NA,NA,NA,NA,3,NA,NA,NA,NA,NA,2018
Smithers,SH,5,SBSmc2,1,4,73,2,Cw,B,NA,NA,NA,NA,NA,NA,NA,3,NA,NA,NA,NA,NA,2018
Smithers,SH,5,SBSmc2,1,4,73,2,Cw,C,NA,NA,NA,NA,NA,23,NA,3,NA,NA,NA,NA,NA,2018
Smithers,SH,5,SBSmc2,1,4,73,2,Cw,A,NA,NA,NA,NA,NA,29.2,NA,3,NA,NA,NA,NA,NA,2018
Smithers,SH,5,SBSmc2,1,4,73,3,Fdi,A,NA,NA,NA,NA,NA,30,NA,3,NA,NA,NA,NA,NA,2018
Smithers,SH,5,SBSmc2,1,4,73,3,Fdi,C,NA,NA,NA,NA,NA,11.6,NA,3,NA,NA,NA,NA,NA,2018
Smithers,SH,5,SBSmc2,1,4,73,3,Fdi,B,NA,NA,NA,NA,NA,27.7,NA,3,NA,NA,NA,NA,NA,2018
Smithers,SH,5,SBSmc2,1,4,74,1,Lw,A,NA,NA,NA,NA,NA,12.9,NA,3,NA,NA,NA,NA,NA,2018
Smithers,SH,5,SBSmc2,1,4,74,1,Lw,B,NA,NA,NA,NA,NA,NA,NA,3,NA,NA,NA,NA,NA,2018
Smithers,SH,5,SBSmc2,1,4,74,2,Fdi,B,NA,NA,NA,NA,NA,21.7,NA,3,NA,NA,NA,NA,NA,2018
Smithers,SH,5,SBSmc2,1,4,74,2,Fdi,A,NA,NA,NA,NA,NA,30.5,NA,3,NA,NA,NA,NA,NA,2018
Smithers,SH,5,SBSmc2,1,4,74,2,Fdi,C,NA,NA,NA,NA,NA,14.8,NA,3,NA,NA,NA,NA,NA,2018
Smithers,SH,5,SBSmc2,1,4,74,3,Cw,A,NA,NA,NA,NA,NA,30.8,NA,3,NA,NA,NA,NA,NA,2018
Smithers,SH,5,SBSmc2,1,4,74,3,Cw,C,NA,NA,NA,NA,NA,23.8,NA,3,NA,NA,NA,NA,NA,2018
Smithers,SH,5,SBSmc2,1,4,74,3,Cw,B,NA,NA,NA,NA,NA,19.1,NA,3,NA,NA,NA,NA,NA,2018
Smithers,SH,5,SBSmc2,1,4,75,1,Fdi,B,NA,NA,NA,NA,NA,19.3,NA,3,NA,NA,NA,NA,NA,2018
Smithers,SH,5,SBSmc2,1,4,75,1,Fdi,B,NA,NA,NA,NA,NA,15.6,NA,3,NA,NA,NA,NA,NA,2018
Smithers,SH,5,SBSmc2,1,4,75,1,Fdi,A,NA,NA,NA,NA,NA,43.1,NA,3,NA,NA,NA,NA,NA,2018
Smithers,SH,5,SBSmc2,1,4,75,2,Lw,A,NA,NA,NA,NA,NA,19.6,NA,3,NA,NA,NA,NA,NA,2018
Smithers,SH,5,SBSmc2,1,4,75,2,Lw,B,NA,NA,NA,NA,NA,27.1,NA,3,NA,NA,NA,NA,"died, post 2016 assessment",2018
Smithers,SH,5,SBSmc2,1,4,75,3,Cw,A,NA,NA,NA,NA,NA,31.6,NA,3,NA,NA,NA,NA,NA,2018
Smithers,SH,5,SBSmc2,1,4,75,3,Cw,C,NA,NA,NA,NA,NA,24.5,NA,3,NA,NA,NA,NA,NA,2018
Smithers,SH,5,SBSmc2,1,4,75,3,Cw,B,NA,NA,NA,NA,NA,27.5,NA,3,NA,NA,NA,NA,NA,2018
Smithers,SH,5,SBSmc2,1,4,76,1,Cw,A,NA,NA,NA,4.8,NA,33.4,NA,3,NA,NA,NA,NA,"died, post 2016 assessment",2018
Smithers,SH,5,SBSmc2,1,4,76,1,Cw,B,NA,NA,NA,NA,NA,19.4,NA,3,NA,NA,NA,NA,NA,2018
Smithers,SH,5,SBSmc2,1,4,76,1,Cw,C,NA,NA,NA,NA,NA,18.5,NA,3,NA,NA,NA,NA,NA,2018
Smithers,SH,5,SBSmc2,1,4,76,2,Lw,A,NA,NA,NA,NA,NA,NA,NA,3,NA,NA,NA,NA,NA,2018
Smithers,SH,5,SBSmc2,1,4,76,2,Lw,B,NA,NA,NA,NA,NA,25.2,NA,3,NA,NA,NA,NA,NA,2018
Smithers,SH,5,SBSmc2,1,4,76,3,Fdi,C,NA,NA,NA,NA,NA,28.9,NA,3,NA,NA,NA,NA,NA,2018
Smithers,SH,5,SBSmc2,1,4,76,3,Fdi,A,NA,NA,NA,NA,NA,37.1,NA,3,NA,NA,NA,NA,NA,2018
Smithers,SH,5,SBSmc2,1,4,76,3,Fdi,B,NA,NA,NA,NA,NA,NA,NA,3,NA,NA,NA,NA,"died, post 2016 assessment",2018
Smithers,SH,5,SBSmc2,1,4,77,1,Cw,A,NA,NA,NA,NA,NA,29,NA,3,NA,NA,NA,NA,NA,2018
Smithers,SH,5,SBSmc2,1,4,77,1,Cw,B,NA,NA,NA,NA,NA,22.9,NA,3,NA,NA,NA,NA,NA,2018
Smithers,SH,5,SBSmc2,1,4,77,1,Cw,C,NA,NA,NA,NA,NA,22.3,NA,3,NA,NA,NA,NA,NA,2018
Smithers,SH,5,SBSmc2,1,4,77,2,Fdi,B,NA,NA,NA,NA,NA,18.6,NA,3,NA,NA,NA,NA,NA,2018
Smithers,SH,5,SBSmc2,1,4,77,2,Fdi,C,NA,NA,NA,NA,NA,22.4,NA,3,NA,NA,NA,NA,NA,2018
Smithers,SH,5,SBSmc2,1,4,77,2,Fdi,A,NA,NA,NA,NA,NA,NA,NA,3,NA,NA,NA,NA,NA,2018
Smithers,SH,5,SBSmc2,1,4,77,3,Lw,A,NA,NA,NA,NA,NA,NA,NA,3,NA,NA,NA,NA,NA,2018
Smithers,SH,5,SBSmc2,1,4,77,3,Lw,B,NA,NA,NA,NA,NA,18.9,NA,3,NA,NA,NA,NA,NA,2018
Smithers,SH,5,SBSmc2,1,4,78,1,Lw,B,NA,NA,NA,NA,NA,32.5,NA,3,NA,NA,NA,NA,NA,2018
Smithers,SH,5,SBSmc2,1,4,78,1,Lw,A,NA,NA,NA,NA,NA,15.2,NA,3,NA,NA,NA,NA,NA,2018
Smithers,SH,5,SBSmc2,1,4,78,2,Cw,A,NA,NA,NA,NA,NA,30.4,NA,3,NA,NA,NA,NA,NA,2018
Smithers,SH,5,SBSmc2,1,4,78,2,Cw,B,NA,NA,NA,NA,NA,24.7,NA,3,NA,NA,NA,NA,NA,2018
Smithers,SH,5,SBSmc2,1,4,78,2,Cw,C,NA,NA,NA,NA,NA,25.7,NA,3,NA,NA,NA,NA,NA,2018
Smithers,SH,5,SBSmc2,1,4,78,3,Fdi,C,NA,NA,NA,NA,NA,24.5,NA,3,NA,NA,NA,NA,NA,2018
Smithers,SH,5,SBSmc2,1,4,78,3,Fdi,B,NA,NA,NA,NA,NA,27.6,NA,3,NA,NA,NA,NA,NA,2018
Smithers,SH,5,SBSmc2,1,4,78,3,Fdi,A,NA,NA,NA,NA,NA,39.4,NA,3,NA,NA,NA,NA,NA,2018
Smithers,SH,5,SBSmc2,1,4,79,1,Fdi,C,NA,NA,NA,NA,NA,16.2,NA,3,NA,NA,NA,NA,NA,2018
Smithers,SH,5,SBSmc2,1,4,79,1,Fdi,B,NA,NA,NA,NA,NA,NA,NA,3,NA,NA,NA,NA,NA,2018
Smithers,SH,5,SBSmc2,1,4,79,1,Fdi,A,NA,NA,NA,NA,NA,33,NA,3,NA,NA,NA,NA,NA,2018
Smithers,SH,5,SBSmc2,1,4,79,2,Cw,B,NA,NA,NA,21.4,NA,31.2,NA,3,NA,NA,NA,NA,"died, post 2016 assessment",2018
Smithers,SH,5,SBSmc2,1,4,79,2,Cw,A,NA,NA,NA,NA,NA,27.8,NA,3,NA,NA,NA,NA,NA,2018
Smithers,SH,5,SBSmc2,1,4,79,2,Cw,C,NA,NA,NA,NA,NA,24.4,NA,3,NA,NA,NA,NA,NA,2018
Smithers,SH,5,SBSmc2,1,4,79,3,Lw,A,NA,NA,NA,NA,NA,20.5,NA,3,NA,NA,NA,NA,NA,2018
Smithers,SH,5,SBSmc2,1,4,79,3,Lw,B,NA,NA,NA,NA,NA,21.1,NA,3,NA,NA,NA,NA,NA,2018
Smithers,SH,5,SBSmc2,1,4,80,1,Fdi,B,NA,NA,NA,NA,NA,21.2,NA,3,NA,NA,NA,NA,NA,2018
Smithers,SH,5,SBSmc2,1,4,80,1,Fdi,C,NA,NA,NA,NA,NA,16.3,NA,3,NA,NA,NA,NA,NA,2018
Smithers,SH,5,SBSmc2,1,4,80,1,Fdi,A,NA,NA,NA,7.2,NA,NA,NA,3,NA,NA,NA,NA,"died, post 2016 assessment (had broken stem at 7.2 cm)",2018
Smithers,SH,5,SBSmc2,1,4,80,2,Cw,B,NA,NA,NA,NA,NA,24.9,NA,3,NA,NA,NA,NA,NA,2018
Smithers,SH,5,SBSmc2,1,4,80,2,Cw,C,NA,NA,NA,NA,NA,22.3,NA,3,NA,NA,NA,NA,NA,2018
Smithers,SH,5,SBSmc2,1,4,80,2,Cw,A,NA,NA,NA,NA,NA,28.6,NA,3,NA,NA,NA,NA,NA,2018
Smithers,SH,5,SBSmc2,1,4,80,3,Lw,A,NA,NA,NA,NA,NA,NA,NA,3,NA,NA,NA,NA,NA,2018
Smithers,SH,5,SBSmc2,1,4,80,3,Lw,B,NA,NA,NA,NA,NA,23.1,NA,3,NA,NA,NA,NA,NA,2018